"Object","Kind","Type / Default","Purpose","Relationship","Migration Name","Backward Compatibility","Existing Data Impact","Snapshot Impact"
"quote_guest_profiles","NEW TABLE","MariaDB/InnoDB; utf8mb4","Explicit service populations; retain base guest segments on quote_versions.","1:1 quote_versions(id); company inherited through quotes.","025_vs21_shared_requirements.sql","New optional children of existing VS1 entities; legacy reader unchanged; no automatic opt-in.","Table starts empty on supported 022 baseline; no old quote/rate/booking rows copied or rewritten.","New VS2 internal snapshots include reviewed source values and review metadata; old snapshots untouched."
"quote_guest_profiles.quote_version_id","NEW COLUMN","BIGINT UNSIGNED; PK/FK; NOT NULL","One service profile per existing quote version.","FK quote_versions(id); resolve company through quotes.","025_vs21_shared_requirements.sql","New optional children of existing VS1 entities; legacy reader unchanged; no automatic opt-in.","Table starts empty on supported 022 baseline; no old quote/rate/booking rows copied or rewritten.","New VS2 internal snapshots include reviewed source values and review metadata; old snapshots untouched."
"quote_guest_profiles.hotel_pax","NEW COLUMN","INT UNSIGNED; NULL","Explicit HOTEL_PAX; null means unset, never a live total alias.","1:1 quote_versions(id); company inherited through quotes.","025_vs21_shared_requirements.sql","New optional children of existing VS1 entities; legacy reader unchanged; no automatic opt-in.","Table starts empty on supported 022 baseline; no old quote/rate/booking rows copied or rewritten.","New VS2 internal snapshots include reviewed source values and review metadata; old snapshots untouched."
"quote_guest_profiles.cruise_pax","NEW COLUMN","INT UNSIGNED; NULL","Explicit CRUISE_PAX, including custom eligible cruise population.","1:1 quote_versions(id); company inherited through quotes.","025_vs21_shared_requirements.sql","New optional children of existing VS1 entities; legacy reader unchanged; no automatic opt-in.","Table starts empty on supported 022 baseline; no old quote/rate/booking rows copied or rewritten.","New VS2 internal snapshots include reviewed source values and review metadata; old snapshots untouched."
"quote_guest_profiles.visa_pax","NEW COLUMN","INT UNSIGNED; NULL","Explicit visa population; no nationality or eligibility inference.","1:1 quote_versions(id); company inherited through quotes.","025_vs21_shared_requirements.sql","New optional children of existing VS1 entities; legacy reader unchanged; no automatic opt-in.","Table starts empty on supported 022 baseline; no old quote/rate/booking rows copied or rewritten.","New VS2 internal snapshots include reviewed source values and review metadata; old snapshots untouched."
"quote_guest_profiles.meal_pax","NEW COLUMN","INT UNSIGNED; NULL","Explicit meal population; diets recorded on requirements.","1:1 quote_versions(id); company inherited through quotes.","025_vs21_shared_requirements.sql","New optional children of existing VS1 entities; legacy reader unchanged; no automatic opt-in.","Table starts empty on supported 022 baseline; no old quote/rate/booking rows copied or rewritten.","New VS2 internal snapshots include reviewed source values and review metadata; old snapshots untouched."
"quote_guest_profiles.ticket_pax","NEW COLUMN","INT UNSIGNED; NULL","Default eligible ticket population; individual attraction/cohort overrides allowed.","1:1 quote_versions(id); company inherited through quotes.","025_vs21_shared_requirements.sql","New optional children of existing VS1 entities; legacy reader unchanged; no automatic opt-in.","Table starts empty on supported 022 baseline; no old quote/rate/booking rows copied or rewritten.","New VS2 internal snapshots include reviewed source values and review metadata; old snapshots untouched."
"quote_guest_profiles.review_metadata_json","NEW COLUMN","JSON; NOT NULL; initialized by command","Per-source suggested/reviewed state, initialization provenance and review context; not another guest-count store.","1:1 quote_versions(id); company inherited through quotes.","025_vs21_shared_requirements.sql","New optional children of existing VS1 entities; legacy reader unchanged; no automatic opt-in.","Table starts empty on supported 022 baseline; no old quote/rate/booking rows copied or rewritten.","New VS2 internal snapshots include reviewed source values and review metadata; old snapshots untouched."
"quote_guest_profiles.updated_by","NEW COLUMN","BIGINT UNSIGNED; NOT NULL","Actor for last profile command.","FK users(id); actor must belong to quote company.","025_vs21_shared_requirements.sql","New optional children of existing VS1 entities; legacy reader unchanged; no automatic opt-in.","Table starts empty on supported 022 baseline; no old quote/rate/booking rows copied or rewritten.","New VS2 internal snapshots include reviewed source values and review metadata; old snapshots untouched."
"quote_guest_profiles.updated_at","NEW COLUMN","DATETIME; CURRENT_TIMESTAMP","Last profile change time; not included in deterministic input fingerprint.","1:1 quote_versions(id); company inherited through quotes.","025_vs21_shared_requirements.sql","New optional children of existing VS1 entities; legacy reader unchanged; no automatic opt-in.","Table starts empty on supported 022 baseline; no old quote/rate/booking rows copied or rewritten.","New VS2 internal snapshots include reviewed source values and review metadata; old snapshots untouched."
"quote_service_requirements","NEW TABLE","MariaDB/InnoDB; utf8mb4","Shared service intent linked to one itinerary; no variant-specific itinerary copies.","N:1 quote_versions; optional self-link to package requirement.","025_vs21_shared_requirements.sql","New optional children of existing VS1 entities; legacy reader unchanged; no automatic opt-in.","Table starts empty on supported 022 baseline; no old quote/rate/booking rows copied or rewritten.","New internal snapshots freeze requirements, stable keys, applicability and scope; public fields separately allowlisted."
"quote_service_requirements.id","NEW COLUMN","BIGINT UNSIGNED; AUTO_INCREMENT PK","Stable relational service identity.","N:1 quote_versions; optional self-link to package requirement.","025_vs21_shared_requirements.sql","New optional children of existing VS1 entities; legacy reader unchanged; no automatic opt-in.","Table starts empty on supported 022 baseline; no old quote/rate/booking rows copied or rewritten.","New internal snapshots freeze requirements, stable keys, applicability and scope; public fields separately allowlisted."
"quote_service_requirements.quote_version_id","NEW COLUMN","BIGINT UNSIGNED; NOT NULL","Existing itinerary/version owner.","FK quote_versions(id).","025_vs21_shared_requirements.sql","New optional children of existing VS1 entities; legacy reader unchanged; no automatic opt-in.","Table starts empty on supported 022 baseline; no old quote/rate/booking rows copied or rewritten.","New internal snapshots freeze requirements, stable keys, applicability and scope; public fields separately allowlisted."
"quote_service_requirements.requirement_key","NEW COLUMN","VARCHAR(80); NOT NULL","Stable business key; unique within version; survives day reordering.","N:1 quote_versions; optional self-link to package requirement.","025_vs21_shared_requirements.sql","New optional children of existing VS1 entities; legacy reader unchanged; no automatic opt-in.","Table starts empty on supported 022 baseline; no old quote/rate/booking rows copied or rewritten.","New internal snapshots freeze requirements, stable keys, applicability and scope; public fields separately allowlisted."
"quote_service_requirements.day_key","NEW COLUMN","VARCHAR(80); NULL","Logical link to existing schedule_json.day_key; null for tour/interval service.","Validated against this version's schedule_json; no new itinerary table/FK.","025_vs21_shared_requirements.sql","New optional children of existing VS1 entities; legacy reader unchanged; no automatic opt-in.","Table starts empty on supported 022 baseline; no old quote/rate/booking rows copied or rewritten.","New internal snapshots freeze requirements, stable keys, applicability and scope; public fields separately allowlisted."
"quote_service_requirements.sort_order","NEW COLUMN","INT UNSIGNED; NOT NULL","Display order within shared requirement list.","N:1 quote_versions; optional self-link to package requirement.","025_vs21_shared_requirements.sql","New optional children of existing VS1 entities; legacy reader unchanged; no automatic opt-in.","Table starts empty on supported 022 baseline; no old quote/rate/booking rows copied or rewritten.","New internal snapshots freeze requirements, stable keys, applicability and scope; public fields separately allowlisted."
"quote_service_requirements.category","NEW COLUMN","VARCHAR(32); NOT NULL","Existing TRANSPORT/GUIDE/HOTEL/CRUISE/VISA/MEAL/ATTRACTION/TOUR/OTHER vocabulary.","N:1 quote_versions; optional self-link to package requirement.","025_vs21_shared_requirements.sql","New optional children of existing VS1 entities; legacy reader unchanged; no automatic opt-in.","Table starts empty on supported 022 baseline; no old quote/rate/booking rows copied or rewritten.","New internal snapshots freeze requirements, stable keys, applicability and scope; public fields separately allowlisted."
"quote_service_requirements.service_name","NEW COLUMN","VARCHAR(255); NOT NULL","Human-readable requested service.","N:1 quote_versions; optional self-link to package requirement.","025_vs21_shared_requirements.sql","New optional children of existing VS1 entities; legacy reader unchanged; no automatic opt-in.","Table starts empty on supported 022 baseline; no old quote/rate/booking rows copied or rewritten.","New internal snapshots freeze requirements, stable keys, applicability and scope; public fields separately allowlisted."
"quote_service_requirements.service_date","NEW COLUMN","DATE; NULL","Start or individual date; unset blocks applicable requirement finalization.","N:1 quote_versions; optional self-link to package requirement.","025_vs21_shared_requirements.sql","New optional children of existing VS1 entities; legacy reader unchanged; no automatic opt-in.","Table starts empty on supported 022 baseline; no old quote/rate/booking rows copied or rewritten.","New internal snapshots freeze requirements, stable keys, applicability and scope; public fields separately allowlisted."
"quote_service_requirements.service_end_date","NEW COLUMN","DATE; NULL","Interval end; explicit overnight/guide dates in scope_json.","N:1 quote_versions; optional self-link to package requirement.","025_vs21_shared_requirements.sql","New optional children of existing VS1 entities; legacy reader unchanged; no automatic opt-in.","Table starts empty on supported 022 baseline; no old quote/rate/booking rows copied or rewritten.","New internal snapshots freeze requirements, stable keys, applicability and scope; public fields separately allowlisted."
"quote_service_requirements.service_units","NEW COLUMN","INT UNSIGNED; NULL","Guide days, hotel nights or meal count; explicit reviewed units, no invented one-unit finalization.","N:1 quote_versions; optional self-link to package requirement.","025_vs21_shared_requirements.sql","New optional children of existing VS1 entities; legacy reader unchanged; no automatic opt-in.","Table starts empty on supported 022 baseline; no old quote/rate/booking rows copied or rewritten.","New internal snapshots freeze requirements, stable keys, applicability and scope; public fields separately allowlisted."
"quote_service_requirements.default_quantity_source","NEW COLUMN","VARCHAR(32); NOT NULL; enum-validated","Template's named source: TOTAL_GUESTS / PAYING_PAX / HOTEL_PAX / CRUISE_PAX / VISA_PAX / MEAL_PAX / TICKET_PAX / CUSTOM_QTY.","N:1 quote_versions; optional self-link to package requirement.","025_vs21_shared_requirements.sql","New optional children of existing VS1 entities; legacy reader unchanged; no automatic opt-in.","Table starts empty on supported 022 baseline; no old quote/rate/booking rows copied or rewritten.","New internal snapshots freeze requirements, stable keys, applicability and scope; public fields separately allowlisted."
"quote_service_requirements.service_mode","NEW COLUMN","VARCHAR(16); BOTH","Applicability PRIVATE/SIC/BOTH; not a duplicate itinerary.","N:1 quote_versions; optional self-link to package requirement.","025_vs21_shared_requirements.sql","New optional children of existing VS1 entities; legacy reader unchanged; no automatic opt-in.","Table starts empty on supported 022 baseline; no old quote/rate/booking rows copied or rewritten.","New internal snapshots freeze requirements, stable keys, applicability and scope; public fields separately allowlisted."
"quote_service_requirements.requirement_state","NEW COLUMN","VARCHAR(24); NEEDS_REVIEW","REQUIRED / NOT_APPLICABLE / NEEDS_REVIEW; omission requires actor/reason.","N:1 quote_versions; optional self-link to package requirement.","025_vs21_shared_requirements.sql","New optional children of existing VS1 entities; legacy reader unchanged; no automatic opt-in.","Table starts empty on supported 022 baseline; no old quote/rate/booking rows copied or rewritten.","New internal snapshots freeze requirements, stable keys, applicability and scope; public fields separately allowlisted."
"quote_service_requirements.scope_json","NEW COLUMN","JSON; NOT NULL","Typed dates/routes/transport legs/overnight units/attraction and eligibility-group scope; references shared day keys.","N:1 quote_versions; optional self-link to package requirement.","025_vs21_shared_requirements.sql","New optional children of existing VS1 entities; legacy reader unchanged; no automatic opt-in.","Table starts empty on supported 022 baseline; no old quote/rate/booking rows copied or rewritten.","New internal snapshots freeze requirements, stable keys, applicability and scope; public fields separately allowlisted."
"quote_service_requirements.package_requirement_id","NEW COLUMN","BIGINT UNSIGNED; NULL","Explicit package association for SIC/cruise component matching.","Self FK id; same quote version; package category TOUR/CRUISE; cycles forbidden.","025_vs21_shared_requirements.sql","New optional children of existing VS1 entities; legacy reader unchanged; no automatic opt-in.","Table starts empty on supported 022 baseline; no old quote/rate/booking rows copied or rewritten.","New internal snapshots freeze requirements, stable keys, applicability and scope; public fields separately allowlisted."
"quote_service_requirements.package_component_key","NEW COLUMN","VARCHAR(80); NULL","Proposed approved inclusion component binding, validated server-side.","Matches rate_version_inclusions.component_key for the chosen package rate; not trusted coverage by itself.","025_vs21_shared_requirements.sql","New optional children of existing VS1 entities; legacy reader unchanged; no automatic opt-in.","Table starts empty on supported 022 baseline; no old quote/rate/booking rows copied or rewritten.","New internal snapshots freeze requirements, stable keys, applicability and scope; public fields separately allowlisted."
"quote_service_requirements.metadata_json","NEW COLUMN","JSON; NOT NULL","Dietary/meal/guide/attraction details, custom-count suggestion, internal/public notes, source provenance and review reason.","N:1 quote_versions; optional self-link to package requirement.","025_vs21_shared_requirements.sql","New optional children of existing VS1 entities; legacy reader unchanged; no automatic opt-in.","Table starts empty on supported 022 baseline; no old quote/rate/booking rows copied or rewritten.","New internal snapshots freeze requirements, stable keys, applicability and scope; public fields separately allowlisted."
"quote_service_requirements.updated_by","NEW COLUMN","BIGINT UNSIGNED; NOT NULL","Last requirement actor.","FK users(id); same-company actor.","025_vs21_shared_requirements.sql","New optional children of existing VS1 entities; legacy reader unchanged; no automatic opt-in.","Table starts empty on supported 022 baseline; no old quote/rate/booking rows copied or rewritten.","New internal snapshots freeze requirements, stable keys, applicability and scope; public fields separately allowlisted."
"quote_service_requirements.updated_at","NEW COLUMN","DATETIME; CURRENT_TIMESTAMP","Change time; excluded from arithmetic hash.","N:1 quote_versions; optional self-link to package requirement.","025_vs21_shared_requirements.sql","New optional children of existing VS1 entities; legacy reader unchanged; no automatic opt-in.","Table starts empty on supported 022 baseline; no old quote/rate/booking rows copied or rewritten.","New internal snapshots freeze requirements, stable keys, applicability and scope; public fields separately allowlisted."
"rate_version_vs2_terms","NEW TABLE","MariaDB/InnoDB; utf8mb4","Approved interpretation of existing supplier rates; amounts remain in rate_versions.","1:1 rate_versions(id); approval and company resolved through rates/suppliers.","026_vs21_rate_terms.sql","New optional children of existing VS1 entities; legacy reader unchanged; no automatic opt-in.","Table starts empty on supported 022 baseline; no old quote/rate/booking rows copied or rewritten.","New internal snapshots freeze approved terms/content hash; no modifications to historical rate or sent snapshots."
"rate_version_vs2_terms.rate_version_id","NEW COLUMN","BIGINT UNSIGNED; PK/FK; NOT NULL","Existing approved rate-version identity.","FK rate_versions(id).","026_vs21_rate_terms.sql","New optional children of existing VS1 entities; legacy reader unchanged; no automatic opt-in.","Table starts empty on supported 022 baseline; no old quote/rate/booking rows copied or rewritten.","New internal snapshots freeze approved terms/content hash; no modifications to historical rate or sent snapshots."
"rate_version_vs2_terms.formula_code","NEW COLUMN","VARCHAR(40); NOT NULL","Approved TRANSFER_PACKAGE / GUIDE_DAY / HOTEL_PAX_NIGHT / CRUISE_PAX / VISA_PAX / MEAL_PAX_MEAL / ATTRACTION_PAX / SIC_PAX / CUSTOM / LUMP_SUM interpretation.","1:1 rate_versions(id); approval and company resolved through rates/suppliers.","026_vs21_rate_terms.sql","New optional children of existing VS1 entities; legacy reader unchanged; no automatic opt-in.","Table starts empty on supported 022 baseline; no old quote/rate/booking rows copied or rewritten.","New internal snapshots freeze approved terms/content hash; no modifications to historical rate or sent snapshots."
"rate_version_vs2_terms.star_level","NEW COLUMN","TINYINT UNSIGNED; NULL","Approved 3/4/5 hotel or cruise level; no product-name regex inference.","1:1 rate_versions(id); approval and company resolved through rates/suppliers.","026_vs21_rate_terms.sql","New optional children of existing VS1 entities; legacy reader unchanged; no automatic opt-in.","Table starts empty on supported 022 baseline; no old quote/rate/booking rows copied or rewritten.","New internal snapshots freeze approved terms/content hash; no modifications to historical rate or sent snapshots."
"rate_version_vs2_terms.capacity","NEW COLUMN","INT UNSIGNED; NULL","Approved seats per vehicle where package transport requires capacity; reconciled with existing transport rules.","1:1 rate_versions(id); approval and company resolved through rates/suppliers.","026_vs21_rate_terms.sql","New optional children of existing VS1 entities; legacy reader unchanged; no automatic opt-in.","Table starts empty on supported 022 baseline; no old quote/rate/booking rows copied or rewritten.","New internal snapshots freeze approved terms/content hash; no modifications to historical rate or sent snapshots."
"rate_version_vs2_terms.rate_eligibility_source","NEW COLUMN","VARCHAR(32); NOT NULL","Named guest source used for existing min/max-pax eligibility; independent from arithmetic multiplier.","1:1 rate_versions(id); approval and company resolved through rates/suppliers.","026_vs21_rate_terms.sql","New optional children of existing VS1 entities; legacy reader unchanged; no automatic opt-in.","Table starts empty on supported 022 baseline; no old quote/rate/booking rows copied or rewritten.","New internal snapshots freeze approved terms/content hash; no modifications to historical rate or sent snapshots."
"rate_version_vs2_terms.package_scope_json","NEW COLUMN","JSON; NOT NULL","Reviewed full-tour route/date/leg contract or SIC/cruise coverage scope.","1:1 rate_versions(id); approval and company resolved through rates/suppliers.","026_vs21_rate_terms.sql","New optional children of existing VS1 entities; legacy reader unchanged; no automatic opt-in.","Table starts empty on supported 022 baseline; no old quote/rate/booking rows copied or rewritten.","New internal snapshots freeze approved terms/content hash; no modifications to historical rate or sent snapshots."
"rate_version_vs2_terms.basis_evidence_json","NEW COLUMN","JSON; NOT NULL","Existing document ID/reference and contracting reason establishing unit/star/scope; not a new supplier amount.","1:1 rate_versions(id); approval and company resolved through rates/suppliers.","026_vs21_rate_terms.sql","New optional children of existing VS1 entities; legacy reader unchanged; no automatic opt-in.","Table starts empty on supported 022 baseline; no old quote/rate/booking rows copied or rewritten.","New internal snapshots freeze approved terms/content hash; no modifications to historical rate or sent snapshots."
"rate_version_vs2_terms.approval_state","NEW COLUMN","VARCHAR(16); DRAFT","DRAFT / APPROVED; terms and inclusion children immutable after approval; corrections use new existing rate version.","1:1 rate_versions(id); approval and company resolved through rates/suppliers.","026_vs21_rate_terms.sql","New optional children of existing VS1 entities; legacy reader unchanged; no automatic opt-in.","Table starts empty on supported 022 baseline; no old quote/rate/booking rows copied or rewritten.","New internal snapshots freeze approved terms/content hash; no modifications to historical rate or sent snapshots."
"rate_version_vs2_terms.content_hash","NEW COLUMN","CHAR(64); NULL","Canonical hash of terms plus ordered inclusion rules.","1:1 rate_versions(id); approval and company resolved through rates/suppliers.","026_vs21_rate_terms.sql","New optional children of existing VS1 entities; legacy reader unchanged; no automatic opt-in.","Table starts empty on supported 022 baseline; no old quote/rate/booking rows copied or rewritten.","New internal snapshots freeze approved terms/content hash; no modifications to historical rate or sent snapshots."
"rate_version_vs2_terms.approved_by","NEW COLUMN","BIGINT UNSIGNED; NULL","Contracting approver; use existing rate approval permission.","FK users(id); same supplier company.","026_vs21_rate_terms.sql","New optional children of existing VS1 entities; legacy reader unchanged; no automatic opt-in.","Table starts empty on supported 022 baseline; no old quote/rate/booking rows copied or rewritten.","New internal snapshots freeze approved terms/content hash; no modifications to historical rate or sent snapshots."
"rate_version_vs2_terms.approved_at","NEW COLUMN","DATETIME; NULL","Approval timestamp; missing prevents use as approved interpretation.","1:1 rate_versions(id); approval and company resolved through rates/suppliers.","026_vs21_rate_terms.sql","New optional children of existing VS1 entities; legacy reader unchanged; no automatic opt-in.","Table starts empty on supported 022 baseline; no old quote/rate/booking rows copied or rewritten.","New internal snapshots freeze approved terms/content hash; no modifications to historical rate or sent snapshots."
"rate_version_vs2_terms.updated_by","NEW COLUMN","BIGINT UNSIGNED; NOT NULL","Draft metadata editor.","FK users(id).","026_vs21_rate_terms.sql","New optional children of existing VS1 entities; legacy reader unchanged; no automatic opt-in.","Table starts empty on supported 022 baseline; no old quote/rate/booking rows copied or rewritten.","New internal snapshots freeze approved terms/content hash; no modifications to historical rate or sent snapshots."
"rate_version_vs2_terms.updated_at","NEW COLUMN","DATETIME; CURRENT_TIMESTAMP","Draft change timestamp.","1:1 rate_versions(id); approval and company resolved through rates/suppliers.","026_vs21_rate_terms.sql","New optional children of existing VS1 entities; legacy reader unchanged; no automatic opt-in.","Table starts empty on supported 022 baseline; no old quote/rate/booking rows copied or rewritten.","New internal snapshots freeze approved terms/content hash; no modifications to historical rate or sent snapshots."
"rate_version_inclusions","NEW TABLE","MariaDB/InnoDB; utf8mb4","Supplier-approved SIC/cruise component coverage, not browser-posted included keys.","N:1 rate_version_vs2_terms(rate_version_id).","026_vs21_rate_terms.sql","New optional children of existing VS1 entities; legacy reader unchanged; no automatic opt-in.","Table starts empty on supported 022 baseline; no old quote/rate/booking rows copied or rewritten.","New internal snapshots freeze the applied inclusion rule and evidence; public proposal shows only selling-safe inclusion text."
"rate_version_inclusions.id","NEW COLUMN","BIGINT UNSIGNED; AUTO_INCREMENT PK","Inclusion rule identity.","N:1 rate_version_vs2_terms(rate_version_id).","026_vs21_rate_terms.sql","New optional children of existing VS1 entities; legacy reader unchanged; no automatic opt-in.","Table starts empty on supported 022 baseline; no old quote/rate/booking rows copied or rewritten.","New internal snapshots freeze the applied inclusion rule and evidence; public proposal shows only selling-safe inclusion text."
"rate_version_inclusions.rate_version_id","NEW COLUMN","BIGINT UNSIGNED; NOT NULL","Approved package-rate interpretation parent.","FK rate_version_vs2_terms(rate_version_id); child approval inherited from parent.","026_vs21_rate_terms.sql","New optional children of existing VS1 entities; legacy reader unchanged; no automatic opt-in.","Table starts empty on supported 022 baseline; no old quote/rate/booking rows copied or rewritten.","New internal snapshots freeze the applied inclusion rule and evidence; public proposal shows only selling-safe inclusion text."
"rate_version_inclusions.component_key","NEW COLUMN","VARCHAR(80); NOT NULL","Unique component within package version, e.g. a specified lunch or attraction.","N:1 rate_version_vs2_terms(rate_version_id).","026_vs21_rate_terms.sql","New optional children of existing VS1 entities; legacy reader unchanged; no automatic opt-in.","Table starts empty on supported 022 baseline; no old quote/rate/booking rows copied or rewritten.","New internal snapshots freeze the applied inclusion rule and evidence; public proposal shows only selling-safe inclusion text."
"rate_version_inclusions.included_category","NEW COLUMN","VARCHAR(32); NOT NULL","Covered GUIDE/MEAL/ATTRACTION/TRANSPORT or explicitly supported component.","N:1 rate_version_vs2_terms(rate_version_id).","026_vs21_rate_terms.sql","New optional children of existing VS1 entities; legacy reader unchanged; no automatic opt-in.","Table starts empty on supported 022 baseline; no old quote/rate/booking rows copied or rewritten.","New internal snapshots freeze the applied inclusion rule and evidence; public proposal shows only selling-safe inclusion text."
"rate_version_inclusions.scope_rule_json","NEW COLUMN","JSON; NOT NULL","Exact day/date/route/attraction/meal/guide scope predicates; no blanket category removal.","N:1 rate_version_vs2_terms(rate_version_id).","026_vs21_rate_terms.sql","New optional children of existing VS1 entities; legacy reader unchanged; no automatic opt-in.","Table starts empty on supported 022 baseline; no old quote/rate/booking rows copied or rewritten.","New internal snapshots freeze the applied inclusion rule and evidence; public proposal shows only selling-safe inclusion text."
"rate_version_inclusions.coverage_rule_json","NEW COLUMN","JSON; NOT NULL","Supplier-approved population/unit coverage; partial coverage must be split into explicit requirements.","N:1 rate_version_vs2_terms(rate_version_id).","026_vs21_rate_terms.sql","New optional children of existing VS1 entities; legacy reader unchanged; no automatic opt-in.","Table starts empty on supported 022 baseline; no old quote/rate/booking rows copied or rewritten.","New internal snapshots freeze the applied inclusion rule and evidence; public proposal shows only selling-safe inclusion text."
"rate_version_inclusions.description","NEW COLUMN","VARCHAR(1000); NOT NULL","Human-readable inclusion evidence and public-safe label.","N:1 rate_version_vs2_terms(rate_version_id).","026_vs21_rate_terms.sql","New optional children of existing VS1 entities; legacy reader unchanged; no automatic opt-in.","Table starts empty on supported 022 baseline; no old quote/rate/booking rows copied or rewritten.","New internal snapshots freeze the applied inclusion rule and evidence; public proposal shows only selling-safe inclusion text."
"rate_version_inclusions.sort_order","NEW COLUMN","INT UNSIGNED; NOT NULL","Stable component order for hash and trace.","N:1 rate_version_vs2_terms(rate_version_id).","026_vs21_rate_terms.sql","New optional children of existing VS1 entities; legacy reader unchanged; no automatic opt-in.","Table starts empty on supported 022 baseline; no old quote/rate/booking rows copied or rewritten.","New internal snapshots freeze the applied inclusion rule and evidence; public proposal shows only selling-safe inclusion text."
"quote_option_variants","NEW TABLE","MariaDB/InnoDB; utf8mb4","Independent PRIVATE/SIC/hotel/cruise pricing under existing hotel-option identity.","N:1 quote_options(id); hotel_level and quote_version remain on parent.","027_vs21_variant_costs.sql","New optional children of existing VS1 entities; legacy reader unchanged; no automatic opt-in.","Table starts empty on supported 022 baseline; no old quote/rate/booking rows copied or rewritten.","New sent bundle option list includes option_id plus variant_id; one shared itinerary; old option-only bundles remain valid."
"quote_option_variants.id","NEW COLUMN","BIGINT UNSIGNED; AUTO_INCREMENT PK","Stable selection identity within existing option machinery.","N:1 quote_options(id); hotel_level and quote_version remain on parent.","027_vs21_variant_costs.sql","New optional children of existing VS1 entities; legacy reader unchanged; no automatic opt-in.","Table starts empty on supported 022 baseline; no old quote/rate/booking rows copied or rewritten.","New sent bundle option list includes option_id plus variant_id; one shared itinerary; old option-only bundles remain valid."
"quote_option_variants.quote_option_id","NEW COLUMN","BIGINT UNSIGNED; NOT NULL","Existing hotel-star parent; preserve uq_option_level.","FK quote_options(id); quote owner company inherited; historical parent JSON untouched.","027_vs21_variant_costs.sql","New optional children of existing VS1 entities; legacy reader unchanged; no automatic opt-in.","Table starts empty on supported 022 baseline; no old quote/rate/booking rows copied or rewritten.","New sent bundle option list includes option_id plus variant_id; one shared itinerary; old option-only bundles remain valid."
"quote_option_variants.variant_key","NEW COLUMN","VARCHAR(80); NOT NULL","Unique per hotel parent; stable through label/preset edits.","N:1 quote_options(id); hotel_level and quote_version remain on parent.","027_vs21_variant_costs.sql","New optional children of existing VS1 entities; legacy reader unchanged; no automatic opt-in.","Table starts empty on supported 022 baseline; no old quote/rate/booking rows copied or rewritten.","New sent bundle option list includes option_id plus variant_id; one shared itinerary; old option-only bundles remain valid."
"quote_option_variants.label","NEW COLUMN","VARCHAR(190); NOT NULL","Customer-visible option label.","N:1 quote_options(id); hotel_level and quote_version remain on parent.","027_vs21_variant_costs.sql","New optional children of existing VS1 entities; legacy reader unchanged; no automatic opt-in.","Table starts empty on supported 022 baseline; no old quote/rate/booking rows copied or rewritten.","New sent bundle option list includes option_id plus variant_id; one shared itinerary; old option-only bundles remain valid."
"quote_option_variants.costing_mode","NEW COLUMN","VARCHAR(16); NOT NULL","PRIVATE / SIC / HYBRID; actual per-service modes stored on lines.","N:1 quote_options(id); hotel_level and quote_version remain on parent.","027_vs21_variant_costs.sql","New optional children of existing VS1 entities; legacy reader unchanged; no automatic opt-in.","Table starts empty on supported 022 baseline; no old quote/rate/booking rows copied or rewritten.","New sent bundle option list includes option_id plus variant_id; one shared itinerary; old option-only bundles remain valid."
"quote_option_variants.cruise_level","NEW COLUMN","TINYINT UNSIGNED; NULL","Independent 3/4/5 cruise star; null only when cruise is reviewed not applicable.","N:1 quote_options(id); hotel_level and quote_version remain on parent.","027_vs21_variant_costs.sql","New optional children of existing VS1 entities; legacy reader unchanged; no automatic opt-in.","Table starts empty on supported 022 baseline; no old quote/rate/booking rows copied or rewritten.","New sent bundle option list includes option_id plus variant_id; one shared itinerary; old option-only bundles remain valid."
"quote_option_variants.preset_code","NEW COLUMN","VARCHAR(24); CUSTOM_MIX","ECONOMY / RECOMMENDED / PREMIUM / CUSTOM_MIX display policy; no itinerary content.","N:1 quote_options(id); hotel_level and quote_version remain on parent.","027_vs21_variant_costs.sql","New optional children of existing VS1 entities; legacy reader unchanged; no automatic opt-in.","Table starts empty on supported 022 baseline; no old quote/rate/booking rows copied or rewritten.","New sent bundle option list includes option_id plus variant_id; one shared itinerary; old option-only bundles remain valid."
"quote_option_variants.sort_order","NEW COLUMN","INT UNSIGNED; NOT NULL","Deterministic offered-option order.","N:1 quote_options(id); hotel_level and quote_version remain on parent.","027_vs21_variant_costs.sql","New optional children of existing VS1 entities; legacy reader unchanged; no automatic opt-in.","Table starts empty on supported 022 baseline; no old quote/rate/booking rows copied or rewritten.","New sent bundle option list includes option_id plus variant_id; one shared itinerary; old option-only bundles remain valid."
"quote_option_variants.is_offered","NEW COLUMN","BOOLEAN; false","Only explicitly offered variants enter send validator/bundle; at least one required.","N:1 quote_options(id); hotel_level and quote_version remain on parent.","027_vs21_variant_costs.sql","New optional children of existing VS1 entities; legacy reader unchanged; no automatic opt-in.","Table starts empty on supported 022 baseline; no old quote/rate/booking rows copied or rewritten.","New sent bundle option list includes option_id plus variant_id; one shared itinerary; old option-only bundles remain valid."
"quote_option_variants.pricing_mode","NEW COLUMN","VARCHAR(24); NOT NULL","Reuse MARKUP / TARGET_MARGIN / MANUAL meanings.","N:1 quote_options(id); hotel_level and quote_version remain on parent.","027_vs21_variant_costs.sql","New optional children of existing VS1 entities; legacy reader unchanged; no automatic opt-in.","Table starts empty on supported 022 baseline; no old quote/rate/booking rows copied or rewritten.","New sent bundle option list includes option_id plus variant_id; one shared itinerary; old option-only bundles remain valid."
"quote_option_variants.pricing_value","NEW COLUMN","DECIMAL(10,4); NOT NULL","Percentage or reviewed manual selling input under current currency contract.","N:1 quote_options(id); hotel_level and quote_version remain on parent.","027_vs21_variant_costs.sql","New optional children of existing VS1 entities; legacy reader unchanged; no automatic opt-in.","Table starts empty on supported 022 baseline; no old quote/rate/booking rows copied or rewritten.","New sent bundle option list includes option_id plus variant_id; one shared itinerary; old option-only bundles remain valid."
"quote_option_variants.rounding_step","NEW COLUMN","DECIMAL(10,2); NOT NULL","Explicit selling-per-pax rounding policy; nonnegative.","N:1 quote_options(id); hotel_level and quote_version remain on parent.","027_vs21_variant_costs.sql","New optional children of existing VS1 entities; legacy reader unchanged; no automatic opt-in.","Table starts empty on supported 022 baseline; no old quote/rate/booking rows copied or rewritten.","New sent bundle option list includes option_id plus variant_id; one shared itinerary; old option-only bundles remain valid."
"quote_option_variants.selling_currency","NEW COLUMN","CHAR(3); USD","Current USD selling compatibility; costs VND; other currencies deferred unless existing supported contract is proven.","N:1 quote_options(id); hotel_level and quote_version remain on parent.","027_vs21_variant_costs.sql","New optional children of existing VS1 entities; legacy reader unchanged; no automatic opt-in.","Table starts empty on supported 022 baseline; no old quote/rate/booking rows copied or rewritten.","New sent bundle option list includes option_id plus variant_id; one shared itinerary; old option-only bundles remain valid."
"quote_option_variants.pricing_result_json","NEW COLUMN","JSON; NULL","Derived VND cost totals/cost per paying pax and currency-labelled selling/profit/validation cache; not editable pricing authority.","N:1 quote_options(id); hotel_level and quote_version remain on parent.","027_vs21_variant_costs.sql","New optional children of existing VS1 entities; legacy reader unchanged; no automatic opt-in.","Table starts empty on supported 022 baseline; no old quote/rate/booking rows copied or rewritten.","New sent bundle option list includes option_id plus variant_id; one shared itinerary; old option-only bundles remain valid."
"quote_option_variants.input_hash","NEW COLUMN","CHAR(64); NULL","Canonical inputs/engine/approved-term hash for cache validity and approval.","N:1 quote_options(id); hotel_level and quote_version remain on parent.","027_vs21_variant_costs.sql","New optional children of existing VS1 entities; legacy reader unchanged; no automatic opt-in.","Table starts empty on supported 022 baseline; no old quote/rate/booking rows copied or rewritten.","New sent bundle option list includes option_id plus variant_id; one shared itinerary; old option-only bundles remain valid."
"quote_option_variants.updated_by","NEW COLUMN","BIGINT UNSIGNED; NOT NULL","Variant input actor.","FK users(id); same-company actor.","027_vs21_variant_costs.sql","New optional children of existing VS1 entities; legacy reader unchanged; no automatic opt-in.","Table starts empty on supported 022 baseline; no old quote/rate/booking rows copied or rewritten.","New sent bundle option list includes option_id plus variant_id; one shared itinerary; old option-only bundles remain valid."
"quote_option_variants.updated_at","NEW COLUMN","DATETIME; CURRENT_TIMESTAMP","Change time; excluded from deterministic bundle inputs.","N:1 quote_options(id); hotel_level and quote_version remain on parent.","027_vs21_variant_costs.sql","New optional children of existing VS1 entities; legacy reader unchanged; no automatic opt-in.","Table starts empty on supported 022 baseline; no old quote/rate/booking rows copied or rewritten.","New sent bundle option list includes option_id plus variant_id; one shared itinerary; old option-only bundles remain valid."
"quote_variant_cost_lines","NEW TABLE","MariaDB/InnoDB; utf8mb4","Normalized editable inputs and deterministic outputs per variant; existing legacy quote_cost_items unchanged.","N:1 quote_option_variants; N:1 quote_service_requirements; approved supplier/rate references.","027_vs21_variant_costs.sql","New optional children of existing VS1 entities; legacy reader unchanged; no automatic opt-in.","Table starts empty on supported 022 baseline; no old quote/rate/booking rows copied or rewritten.","New internal bundles freeze inputs, monetary outputs, provenance, coverage and trace; historical JSON and public allowlists unchanged."
"quote_variant_cost_lines.id","NEW COLUMN","BIGINT UNSIGNED; AUTO_INCREMENT PK","Stable cost-line identity.","N:1 quote_option_variants; N:1 quote_service_requirements; approved supplier/rate references.","027_vs21_variant_costs.sql","New optional children of existing VS1 entities; legacy reader unchanged; no automatic opt-in.","Table starts empty on supported 022 baseline; no old quote/rate/booking rows copied or rewritten.","New internal bundles freeze inputs, monetary outputs, provenance, coverage and trace; historical JSON and public allowlists unchanged."
"quote_variant_cost_lines.variant_id","NEW COLUMN","BIGINT UNSIGNED; NOT NULL","Variant owner.","FK quote_option_variants(id).","027_vs21_variant_costs.sql","New optional children of existing VS1 entities; legacy reader unchanged; no automatic opt-in.","Table starts empty on supported 022 baseline; no old quote/rate/booking rows copied or rewritten.","New internal bundles freeze inputs, monetary outputs, provenance, coverage and trace; historical JSON and public allowlists unchanged."
"quote_variant_cost_lines.requirement_id","NEW COLUMN","BIGINT UNSIGNED; NOT NULL","Shared service intent; manual additions create requirement first.","FK quote_service_requirements(id); must belong to variant parent's same quote version.","027_vs21_variant_costs.sql","New optional children of existing VS1 entities; legacy reader unchanged; no automatic opt-in.","Table starts empty on supported 022 baseline; no old quote/rate/booking rows copied or rewritten.","New internal bundles freeze inputs, monetary outputs, provenance, coverage and trace; historical JSON and public allowlists unchanged."
"quote_variant_cost_lines.line_key","NEW COLUMN","VARCHAR(80); NOT NULL","Unique within variant; stable editing/audit identity.","N:1 quote_option_variants; N:1 quote_service_requirements; approved supplier/rate references.","027_vs21_variant_costs.sql","New optional children of existing VS1 entities; legacy reader unchanged; no automatic opt-in.","Table starts empty on supported 022 baseline; no old quote/rate/booking rows copied or rewritten.","New internal bundles freeze inputs, monetary outputs, provenance, coverage and trace; historical JSON and public allowlists unchanged."
"quote_variant_cost_lines.sort_order","NEW COLUMN","INT UNSIGNED; NOT NULL","Cost-sheet display order.","N:1 quote_option_variants; N:1 quote_service_requirements; approved supplier/rate references.","027_vs21_variant_costs.sql","New optional children of existing VS1 entities; legacy reader unchanged; no automatic opt-in.","Table starts empty on supported 022 baseline; no old quote/rate/booking rows copied or rewritten.","New internal bundles freeze inputs, monetary outputs, provenance, coverage and trace; historical JSON and public allowlists unchanged."
"quote_variant_cost_lines.line_kind","NEW COLUMN","VARCHAR(16); SERVICE","SERVICE / ADJUSTMENT; signed adjustment cannot masquerade as supplier unit rate.","N:1 quote_option_variants; N:1 quote_service_requirements; approved supplier/rate references.","027_vs21_variant_costs.sql","New optional children of existing VS1 entities; legacy reader unchanged; no automatic opt-in.","Table starts empty on supported 022 baseline; no old quote/rate/booking rows copied or rewritten.","New internal bundles freeze inputs, monetary outputs, provenance, coverage and trace; historical JSON and public allowlists unchanged."
"quote_variant_cost_lines.service_mode","NEW COLUMN","VARCHAR(16); NOT NULL","PRIVATE / SIC effective mode for this service in this variant.","N:1 quote_option_variants; N:1 quote_service_requirements; approved supplier/rate references.","027_vs21_variant_costs.sql","New optional children of existing VS1 entities; legacy reader unchanged; no automatic opt-in.","Table starts empty on supported 022 baseline; no old quote/rate/booking rows copied or rewritten.","New internal bundles freeze inputs, monetary outputs, provenance, coverage and trace; historical JSON and public allowlists unchanged."
"quote_variant_cost_lines.formula_code","NEW COLUMN","VARCHAR(40); NOT NULL","Approved formula or explicitly reviewed CUSTOM/LUMP_SUM/ADJUSTMENT.","N:1 quote_option_variants; N:1 quote_service_requirements; approved supplier/rate references.","027_vs21_variant_costs.sql","New optional children of existing VS1 entities; legacy reader unchanged; no automatic opt-in.","Table starts empty on supported 022 baseline; no old quote/rate/booking rows copied or rewritten.","New internal bundles freeze inputs, monetary outputs, provenance, coverage and trace; historical JSON and public allowlists unchanged."
"quote_variant_cost_lines.quantity_source","NEW COLUMN","VARCHAR(32); NOT NULL; enum-validated","Exactly one named source: TOTAL_GUESTS / PAYING_PAX / HOTEL_PAX / CRUISE_PAX / VISA_PAX / MEAL_PAX / TICKET_PAX / CUSTOM_QTY.","N:1 quote_option_variants; N:1 quote_service_requirements; approved supplier/rate references.","027_vs21_variant_costs.sql","New optional children of existing VS1 entities; legacy reader unchanged; no automatic opt-in.","Table starts empty on supported 022 baseline; no old quote/rate/booking rows copied or rewritten.","New internal bundles freeze inputs, monetary outputs, provenance, coverage and trace; historical JSON and public allowlists unchanged."
"quote_variant_cost_lines.quantity_override","NEW COLUMN","INT UNSIGNED; NULL","Fixed override for original source; null follows named source. Value never auto-overwritten.","N:1 quote_option_variants; N:1 quote_service_requirements; approved supplier/rate references.","027_vs21_variant_costs.sql","New optional children of existing VS1 entities; legacy reader unchanged; no automatic opt-in.","Table starts empty on supported 022 baseline; no old quote/rate/booking rows copied or rewritten.","New internal bundles freeze inputs, monetary outputs, provenance, coverage and trace; historical JSON and public allowlists unchanged."
"quote_variant_cost_lines.custom_quantity","NEW COLUMN","INT UNSIGNED; NULL","Per-line CUSTOM_QTY, including vehicle/guide count; not a global guest count.","N:1 quote_option_variants; N:1 quote_service_requirements; approved supplier/rate references.","027_vs21_variant_costs.sql","New optional children of existing VS1 entities; legacy reader unchanged; no automatic opt-in.","Table starts empty on supported 022 baseline; no old quote/rate/booking rows copied or rewritten.","New internal bundles freeze inputs, monetary outputs, provenance, coverage and trace; historical JSON and public allowlists unchanged."
"quote_variant_cost_lines.units_override","NEW COLUMN","INT UNSIGNED; NULL","Reviewed override of requirement days/nights/meals; mismatch still blocks unless explicit custom basis is valid.","N:1 quote_option_variants; N:1 quote_service_requirements; approved supplier/rate references.","027_vs21_variant_costs.sql","New optional children of existing VS1 entities; legacy reader unchanged; no automatic opt-in.","Table starts empty on supported 022 baseline; no old quote/rate/booking rows copied or rewritten.","New internal bundles freeze inputs, monetary outputs, provenance, coverage and trace; historical JSON and public allowlists unchanged."
"quote_variant_cost_lines.override_reason","NEW COLUMN","VARCHAR(1000); NULL","Required reason for quantity/unit/custom-basis overrides.","N:1 quote_option_variants; N:1 quote_service_requirements; approved supplier/rate references.","027_vs21_variant_costs.sql","New optional children of existing VS1 entities; legacy reader unchanged; no automatic opt-in.","Table starts empty on supported 022 baseline; no old quote/rate/booking rows copied or rewritten.","New internal bundles freeze inputs, monetary outputs, provenance, coverage and trace; historical JSON and public allowlists unchanged."
"quote_variant_cost_lines.supplier_id","NEW COLUMN","BIGINT UNSIGNED; NULL","Chosen approved-rate/manual supplier; optional only for genuine included/no-cost children.","FK suppliers(id); same company, active where chargeable.","027_vs21_variant_costs.sql","New optional children of existing VS1 entities; legacy reader unchanged; no automatic opt-in.","Table starts empty on supported 022 baseline; no old quote/rate/booking rows copied or rewritten.","New internal bundles freeze inputs, monetary outputs, provenance, coverage and trace; historical JSON and public allowlists unchanged."
"quote_variant_cost_lines.rate_version_id","NEW COLUMN","BIGINT UNSIGNED; NULL","Existing stored approved rate version; null means reviewed manual or non-chargeable coverage.","FK rate_versions(id); same company/category/supplier; VS2 terms required for standard stored-rate costing.","027_vs21_variant_costs.sql","New optional children of existing VS1 entities; legacy reader unchanged; no automatic opt-in.","Table starts empty on supported 022 baseline; no old quote/rate/booking rows copied or rewritten.","New internal bundles freeze inputs, monetary outputs, provenance, coverage and trace; historical JSON and public allowlists unchanged."
"quote_variant_cost_lines.original_currency","NEW COLUMN","CHAR(3); VND","Approved rate or explicitly chosen manual input currency; VND default. USD requires reviewed version FX.","N:1 quote_option_variants; N:1 quote_service_requirements; approved supplier/rate references.","027_vs21_variant_costs.sql","New optional children of existing VS1 entities; legacy reader unchanged; no automatic opt-in.","Table starts empty on supported 022 baseline; no old quote/rate/booking rows copied or rewritten.","New internal bundles freeze inputs, monetary outputs, provenance, coverage and trace; historical JSON and public allowlists unchanged."
"quote_variant_cost_lines.unit_amount_original","NEW COLUMN","DECIMAL(18,2); NULL","Manual supplier input or server-resolved stored-rate amount; client amounts ignored for stored rates.","N:1 quote_option_variants; N:1 quote_service_requirements; approved supplier/rate references.","027_vs21_variant_costs.sql","New optional children of existing VS1 entities; legacy reader unchanged; no automatic opt-in.","Table starts empty on supported 022 baseline; no old quote/rate/booking rows copied or rewritten.","New internal bundles freeze inputs, monetary outputs, provenance, coverage and trace; historical JSON and public allowlists unchanged."
"quote_variant_cost_lines.coverage_state","NEW COLUMN","VARCHAR(24); UNRESOLVED","PRICED / INCLUDED / NO_COST / UNRESOLVED; zero is not proof of a valid missing rate.","N:1 quote_option_variants; N:1 quote_service_requirements; approved supplier/rate references.","027_vs21_variant_costs.sql","New optional children of existing VS1 entities; legacy reader unchanged; no automatic opt-in.","Table starts empty on supported 022 baseline; no old quote/rate/booking rows copied or rewritten.","New internal bundles freeze inputs, monetary outputs, provenance, coverage and trace; historical JSON and public allowlists unchanged."
"quote_variant_cost_lines.included_by_line_id","NEW COLUMN","BIGINT UNSIGNED; NULL","Derived package coverage link; included service remains visible, total zero.","Self FK id; same variant; acyclic; selected package line must be valid.","027_vs21_variant_costs.sql","New optional children of existing VS1 entities; legacy reader unchanged; no automatic opt-in.","Table starts empty on supported 022 baseline; no old quote/rate/booking rows copied or rewritten.","New internal bundles freeze inputs, monetary outputs, provenance, coverage and trace; historical JSON and public allowlists unchanged."
"quote_variant_cost_lines.inclusion_rule_id","NEW COLUMN","BIGINT UNSIGNED; NULL","Applied approved component rule; browser cannot declare arbitrary coverage.","FK rate_version_inclusions(id); rule must belong to package line's selected rate terms.","027_vs21_variant_costs.sql","New optional children of existing VS1 entities; legacy reader unchanged; no automatic opt-in.","Table starts empty on supported 022 baseline; no old quote/rate/booking rows copied or rewritten.","New internal bundles freeze inputs, monetary outputs, provenance, coverage and trace; historical JSON and public allowlists unchanged."
"quote_variant_cost_lines.adjusts_line_id","NEW COLUMN","BIGINT UNSIGNED; NULL","Supplier-cost adjustment parent; fold into its net booking planned cost.","Self FK id; same variant/requirement/supplier; no adjustment-of-adjustment or cycle.","027_vs21_variant_costs.sql","New optional children of existing VS1 entities; legacy reader unchanged; no automatic opt-in.","Table starts empty on supported 022 baseline; no old quote/rate/booking rows copied or rewritten.","New internal bundles freeze inputs, monetary outputs, provenance, coverage and trace; historical JSON and public allowlists unchanged."
"quote_variant_cost_lines.adjustment_amount_vnd","NEW COLUMN","DECIMAL(18,2); NULL; signed","Explicit discount/supplement amount for ADJUSTMENT only; parent net cost must remain nonnegative.","N:1 quote_option_variants; N:1 quote_service_requirements; approved supplier/rate references.","027_vs21_variant_costs.sql","New optional children of existing VS1 entities; legacy reader unchanged; no automatic opt-in.","Table starts empty on supported 022 baseline; no old quote/rate/booking rows copied or rewritten.","New internal bundles freeze inputs, monetary outputs, provenance, coverage and trace; historical JSON and public allowlists unchanged."
"quote_variant_cost_lines.origin","NEW COLUMN","VARCHAR(16); AUTO","AUTO / EDITED / MANUAL; generated from saved edit/provenance, not caller-provided proof.","N:1 quote_option_variants; N:1 quote_service_requirements; approved supplier/rate references.","027_vs21_variant_costs.sql","New optional children of existing VS1 entities; legacy reader unchanged; no automatic opt-in.","Table starts empty on supported 022 baseline; no old quote/rate/booking rows copied or rewritten.","New internal bundles freeze inputs, monetary outputs, provenance, coverage and trace; historical JSON and public allowlists unchanged."
"quote_variant_cost_lines.rate_status","NEW COLUMN","VARCHAR(24); RATE_NEEDED","APPROVED_RATE / CONTRACT_RATE / MANUAL_COST / RATE_NEEDED / EXPIRED_RATE / NEEDS_REVIEW; transfer repricing is separate validation code.","N:1 quote_option_variants; N:1 quote_service_requirements; approved supplier/rate references.","027_vs21_variant_costs.sql","New optional children of existing VS1 entities; legacy reader unchanged; no automatic opt-in.","Table starts empty on supported 022 baseline; no old quote/rate/booking rows copied or rewritten.","New internal bundles freeze inputs, monetary outputs, provenance, coverage and trace; historical JSON and public allowlists unchanged."
"quote_variant_cost_lines.manual_reason","NEW COLUMN","VARCHAR(1000); NULL","Reviewed supplier input evidence/reference for manual/custom/no-cost/adjustment.","N:1 quote_option_variants; N:1 quote_service_requirements; approved supplier/rate references.","027_vs21_variant_costs.sql","New optional children of existing VS1 entities; legacy reader unchanged; no automatic opt-in.","Table starts empty on supported 022 baseline; no old quote/rate/booking rows copied or rewritten.","New internal bundles freeze inputs, monetary outputs, provenance, coverage and trace; historical JSON and public allowlists unchanged."
"quote_variant_cost_lines.manual_contract_json","NEW COLUMN","JSON; NULL","Explicit manual supplier-contract unit/star/capacity/route/tax/document context; edited values are unreviewed inputs until server-recorded human review and final quote approval.","Same supplier/requirement/variant; referenced existing documents must belong to company; cannot declare approved SIC coverage without published rate inclusion rules.","027_vs21_variant_costs.sql","New optional children of existing VS1 entities; legacy reader unchanged; no automatic opt-in.","Table starts empty on supported 022 baseline; no old quote/rate/booking rows copied or rewritten.","New internal bundles freeze inputs, monetary outputs, provenance, coverage and trace; historical JSON and public allowlists unchanged."
"quote_variant_cost_lines.review_required","NEW COLUMN","BOOLEAN; true","Pending override/manual/copied/rate context review blocks offered finalization.","N:1 quote_option_variants; N:1 quote_service_requirements; approved supplier/rate references.","027_vs21_variant_costs.sql","New optional children of existing VS1 entities; legacy reader unchanged; no automatic opt-in.","Table starts empty on supported 022 baseline; no old quote/rate/booking rows copied or rewritten.","New internal bundles freeze inputs, monetary outputs, provenance, coverage and trace; historical JSON and public allowlists unchanged."
"quote_variant_cost_lines.reviewed_by","NEW COLUMN","BIGINT UNSIGNED; NULL","Actor who explicitly reviewed applicable override/manual input.","FK users(id); permission checked; not automatic from request review flag.","027_vs21_variant_costs.sql","New optional children of existing VS1 entities; legacy reader unchanged; no automatic opt-in.","Table starts empty on supported 022 baseline; no old quote/rate/booking rows copied or rewritten.","New internal bundles freeze inputs, monetary outputs, provenance, coverage and trace; historical JSON and public allowlists unchanged."
"quote_variant_cost_lines.reviewed_context_hash","NEW COLUMN","CHAR(64); NULL","Relevant source/scope/quantity/rate context acknowledged by reviewer.","N:1 quote_option_variants; N:1 quote_service_requirements; approved supplier/rate references.","027_vs21_variant_costs.sql","New optional children of existing VS1 entities; legacy reader unchanged; no automatic opt-in.","Table starts empty on supported 022 baseline; no old quote/rate/booking rows copied or rewritten.","New internal bundles freeze inputs, monetary outputs, provenance, coverage and trace; historical JSON and public allowlists unchanged."
"quote_variant_cost_lines.resolved_quantity","NEW COLUMN","INT UNSIGNED; NULL","Derived arithmetic Qty1; unaffected lines retain stored output on unrelated guest changes.","N:1 quote_option_variants; N:1 quote_service_requirements; approved supplier/rate references.","027_vs21_variant_costs.sql","New optional children of existing VS1 entities; legacy reader unchanged; no automatic opt-in.","Table starts empty on supported 022 baseline; no old quote/rate/booking rows copied or rewritten.","New internal bundles freeze inputs, monetary outputs, provenance, coverage and trace; historical JSON and public allowlists unchanged."
"quote_variant_cost_lines.resolved_units","NEW COLUMN","INT UNSIGNED; NULL","Derived Qty2 days/nights/meals; 1 for package/per-pax service.","N:1 quote_option_variants; N:1 quote_service_requirements; approved supplier/rate references.","027_vs21_variant_costs.sql","New optional children of existing VS1 entities; legacy reader unchanged; no automatic opt-in.","Table starts empty on supported 022 baseline; no old quote/rate/booking rows copied or rewritten.","New internal bundles freeze inputs, monetary outputs, provenance, coverage and trace; historical JSON and public allowlists unchanged."
"quote_variant_cost_lines.unit_rate_vnd","NEW COLUMN","DECIMAL(18,2); NULL","Derived normalized VND rate; original supplier amount/currency and FX retained in trace.","N:1 quote_option_variants; N:1 quote_service_requirements; approved supplier/rate references.","027_vs21_variant_costs.sql","New optional children of existing VS1 entities; legacy reader unchanged; no automatic opt-in.","Table starts empty on supported 022 baseline; no old quote/rate/booking rows copied or rewritten.","New internal bundles freeze inputs, monetary outputs, provenance, coverage and trace; historical JSON and public allowlists unchanged."
"quote_variant_cost_lines.total_vnd","NEW COLUMN","DECIMAL(18,2); NULL; signed only for ADJUSTMENT","Derived amount; null while unresolved, 0 only for valid inclusion/no-cost/eligible-zero decision.","N:1 quote_option_variants; N:1 quote_service_requirements; approved supplier/rate references.","027_vs21_variant_costs.sql","New optional children of existing VS1 entities; legacy reader unchanged; no automatic opt-in.","Table starts empty on supported 022 baseline; no old quote/rate/booking rows copied or rewritten.","New internal bundles freeze inputs, monetary outputs, provenance, coverage and trace; historical JSON and public allowlists unchanged."
"quote_variant_cost_lines.calculation_trace_json","NEW COLUMN","JSON; NULL","Formula, labelled operands, source/override, rate/terms evidence, currency/FX, coverage/adjustment and readable text; no AI-generated totals.","N:1 quote_option_variants; N:1 quote_service_requirements; approved supplier/rate references.","027_vs21_variant_costs.sql","New optional children of existing VS1 entities; legacy reader unchanged; no automatic opt-in.","Table starts empty on supported 022 baseline; no old quote/rate/booking rows copied or rewritten.","New internal bundles freeze inputs, monetary outputs, provenance, coverage and trace; historical JSON and public allowlists unchanged."
"quote_variant_cost_lines.input_hash","NEW COLUMN","CHAR(64); NULL","Line-specific canonical dependency hash; not whole guest object.","N:1 quote_option_variants; N:1 quote_service_requirements; approved supplier/rate references.","027_vs21_variant_costs.sql","New optional children of existing VS1 entities; legacy reader unchanged; no automatic opt-in.","Table starts empty on supported 022 baseline; no old quote/rate/booking rows copied or rewritten.","New internal bundles freeze inputs, monetary outputs, provenance, coverage and trace; historical JSON and public allowlists unchanged."
"quote_variant_cost_lines.calculated_at","NEW COLUMN","DATETIME; NULL","Last arithmetic refresh; unchanged for unrelated guest updates; excluded from financial hash.","N:1 quote_option_variants; N:1 quote_service_requirements; approved supplier/rate references.","027_vs21_variant_costs.sql","New optional children of existing VS1 entities; legacy reader unchanged; no automatic opt-in.","Table starts empty on supported 022 baseline; no old quote/rate/booking rows copied or rewritten.","New internal bundles freeze inputs, monetary outputs, provenance, coverage and trace; historical JSON and public allowlists unchanged."
"quote_variant_cost_lines.updated_by","NEW COLUMN","BIGINT UNSIGNED; NOT NULL","Last line-input command actor.","FK users(id).","027_vs21_variant_costs.sql","New optional children of existing VS1 entities; legacy reader unchanged; no automatic opt-in.","Table starts empty on supported 022 baseline; no old quote/rate/booking rows copied or rewritten.","New internal bundles freeze inputs, monetary outputs, provenance, coverage and trace; historical JSON and public allowlists unchanged."
"quote_variant_cost_lines.updated_at","NEW COLUMN","DATETIME; CURRENT_TIMESTAMP","Input/review timestamp; validation refresh does not fake a user edit.","N:1 quote_option_variants; N:1 quote_service_requirements; approved supplier/rate references.","027_vs21_variant_costs.sql","New optional children of existing VS1 entities; legacy reader unchanged; no automatic opt-in.","Table starts empty on supported 022 baseline; no old quote/rate/booking rows copied or rewritten.","New internal bundles freeze inputs, monetary outputs, provenance, coverage and trace; historical JSON and public allowlists unchanged."
"quote_versions.costing_engine","NEW COLUMN","VARCHAR(16); NOT NULL; VS1","Explicit VS1 / VS2_1 reader/writer strategy; never infer from missing option rows.","Existing quote_version; no new lifecycle entity.","025_vs21_shared_requirements.sql","Existing rows use VS1; current payload/reader retained.","Default metadata only; no historical snapshot/content UPDATE.","Engine marker emitted only in new VS2 payload; old JSON untouched."
"quote_versions.costing_revision","NEW COLUMN","BIGINT UNSIGNED; NOT NULL; 0","Monotonic command concurrency token; compare expected revision under parent lock.","Existing quote_version; one token shared across requirement/profile/variant inputs.","025_vs21_shared_requirements.sql","VS1 ignores token; new VS2 commands increment it.","Old records gain default zero only; no backfill.","New approval fingerprint includes revision; no rewrite of old content hash."
"quote_acceptances.variant_id","NEW COLUMN","BIGINT UNSIGNED; NULL","Unambiguous accepted child of existing hotel option.","FK quote_option_variants(id); must match acceptance.option_id and sent bundle.","028_vs21_acceptance_links.sql","Null = historical option-only acceptance; existing PK unchanged.","All old acceptances remain null; no remapping.","New acceptance selects existing sent frozen child; never re-resolves supplier prices."
"booking_quote_snapshots.variant_id","NEW COLUMN","BIGINT UNSIGNED; NULL","Trace exact accepted variant into existing booking snapshot.","FK quote_option_variants(id); match option_id/quote_version_id/acceptance.","028_vs21_acceptance_links.sql","Null = historical option-only booking snapshot; existing PK unchanged.","All old booking snapshots remain null; no JSON rewrites.","New snapshot freezes selected child, coverage/trace and existing source hash."
"quote_versions.schedule_json.day_key","NEW JSON FIELD","JSON member; unique stable string within version","Persist day identity in existing itinerary JSON for requirement/day links.","Logical quote_service_requirements.day_key link.","NO SQL; ScheduleImport/CoreOS draft-write change","Legacy day fields/readers retained; only VS2 normalizer includes new keys.","Assigned only on explicit VS2 draft activation/new revision, never historical issued JSON.","New snapshots freeze same schedule once; old snapshot bytes unchanged."
"quote_versions.schedule_json.route","NEW JSON FIELD","string; validated","Structured route/destination, used in material scope fingerprint.","Existing single schedule_json; service quantities/prices remain normalized children.","NO SQL; VS2 draft normalizer","Legacy fields and shape retained for VS1 reader.","New VS2 drafts only; no issued-data normalization.","New internal snapshot freezes structured intent; public projection independently allowlisted."
"quote_versions.schedule_json.activities","NEW JSON FIELD","string; validated","Public day activities; cosmetic prose is excluded from transport scope.","Existing single schedule_json; service quantities/prices remain normalized children.","NO SQL; VS2 draft normalizer","Legacy fields and shape retained for VS1 reader.","New VS2 drafts only; no issued-data normalization.","New internal snapshot freezes structured intent; public projection independently allowlisted."
"quote_versions.schedule_json.transport_mode","NEW JSON FIELD","string; validated","Requested transport mode; links to typed transport requirements.","Existing single schedule_json; service quantities/prices remain normalized children.","NO SQL; VS2 draft normalizer","Legacy fields and shape retained for VS1 reader.","New VS2 drafts only; no issued-data normalization.","New internal snapshot freezes structured intent; public projection independently allowlisted."
"quote_versions.schedule_json.guide_required","NEW JSON FIELD","boolean","Explicit guide need; guide-day count checked against requirements, not total tour duration.","Existing single schedule_json; service quantities/prices remain normalized children.","NO SQL; VS2 draft normalizer","Legacy fields and shape retained for VS1 reader.","New VS2 drafts only; no issued-data normalization.","New internal snapshot freezes structured intent; public projection independently allowlisted."
"quote_versions.schedule_json.cruise","NEW JSON FIELD","string; validated","Requested cruise context; rates and star variations remain variant-level.","Existing single schedule_json; service quantities/prices remain normalized children.","NO SQL; VS2 draft normalizer","Legacy fields and shape retained for VS1 reader.","New VS2 drafts only; no issued-data normalization.","New internal snapshot freezes structured intent; public projection independently allowlisted."
"quote_versions.schedule_json.special_requests","NEW JSON FIELD","string; internal by default","Special day instructions; only explicitly public projection released.","Existing single schedule_json; service quantities/prices remain normalized children.","NO SQL; VS2 draft normalizer","Legacy fields and shape retained for VS1 reader.","New VS2 drafts only; no issued-data normalization.","New internal snapshot freezes structured intent; public projection independently allowlisted."

