"﻿PR","Candidate SHA","File","Decision","Scope","Rationale / Required Rework","Acceptance Gate","Actual VS2.1 disposition"
"16","8e0123be170a53cf9d25df54d0e3829e9947c9cd","api/bootstrap.php","REWORK","VS2.1 after approval","Adapt to approved extension contracts; retain existing behavior and enforce engine strategy.","Independent diff, regression and permission review.","Implemented through approved extension model where applicable; candidate patch not imported"
"16","8e0123be170a53cf9d25df54d0e3829e9947c9cd","api/index.php","REWORK","VS2.1 after approval","Adapt to approved extension contracts; retain existing behavior and enforce engine strategy.","Independent diff, regression and permission review.","Existing VS1 behavior retained; additive integration or independent approved rework"
"16","8e0123be170a53cf9d25df54d0e3829e9947c9cd","api/lib/CoreOS.php","REWORK","VS2.1 after approval","Preserve existing entry points; explicit engine strategy, selective source changes, deterministic summary and existing revision copy of new children.","VS1 regression, partial activation, stale edits and revision remapping.","Existing VS1 behavior retained; additive integration or independent approved rework"
"16","8e0123be170a53cf9d25df54d0e3829e9947c9cd","api/lib/QuoteOptions.php","REWORK","VS2.1 after approval","Reuse existing approve/send hooks and public allowlist; enumerate child variants, exact acceptance, reader dispatch and one central validator.","Immutable legacy/new snapshots, no fallback bypass, exact child booking.","Existing VS1 behavior retained; additive integration or independent approved rework"
"16","8e0123be170a53cf9d25df54d0e3829e9947c9cd","api/lib/QuoteReuse.php","REWORK","VS2.1 after approval","Reuse existing revision/reuse modes; remap child IDs/coverage, retain logical keys, recost from reviewed rates and preserve source snapshot.","Cross-company reuse, dates, manual override review and no acceptance copying.","Existing VS1 behavior retained; additive integration or independent approved rework"
"16","8e0123be170a53cf9d25df54d0e3829e9947c9cd","api/lib/QuoteSmartCosting.php","REWORK","VS2.1 after approval","Retain authenticated adapter pattern; replace option-JSON authority, whole-variant refresh, delete/reinsert requirements and posted included_keys with stable normalized children/approved terms.","Selective-update instrumentation, foreign-quote checks, version conflicts, trusted coverage.","Existing VS1 behavior retained; additive integration or independent approved rework"
"16","8e0123be170a53cf9d25df54d0e3829e9947c9cd","api/lib/SmartCosting.php","REWORK","VS2.1 after approval","Reuse FOC/count guards and category/formula/template concepts; add CRUISE_PAX, distinct source dependencies, decimal money, reviewed eligibility and trusted inclusion rules.","Eight-source arithmetic/dependency and partial-coverage tests.","Existing VS1 behavior retained; additive integration or independent approved rework"
"16","8e0123be170a53cf9d25df54d0e3829e9947c9cd","api/migrations/023_vs2_costing.sql","DISCARD","VS2.1 after approval","Do not import this candidate migration: replaces uq_option_level and has an incompatible profile/variant schema; proposed025–028 target022.","Installed-history preflight; no destructive rollback or applied-file edit.","Not imported; incompatible/out-of-scope candidate design omitted"
"16","8e0123be170a53cf9d25df54d0e3829e9947c9cd","app.js","REWORK","VS2.1 after approval","Adapt to approved extension contracts; retain existing behavior and enforce engine strategy.","Independent diff, regression and permission review.","Existing VS1 behavior retained; additive integration or independent approved rework"
"16","8e0123be170a53cf9d25df54d0e3829e9947c9cd","docs/RC6_VS2_1_RELEASE_VI.md","REUSE","Reference only","Retain historical source/design/evidence as reference; not fresh verification or authority over canonical spec.","New evidence names final SHA/schema/runtime; never relabel old logs.","Existing baseline file reused without importing candidate changes"
"16","8e0123be170a53cf9d25df54d0e3829e9947c9cd","docs/RC6_VS2_GAP_MATRIX_VI.md","REUSE","Reference only","Retain historical source/design/evidence as reference; not fresh verification or authority over canonical spec.","New evidence names final SHA/schema/runtime; never relabel old logs.","Existing baseline file reused without importing candidate changes"
"16","8e0123be170a53cf9d25df54d0e3829e9947c9cd","index.html","REWORK","VS2.1 after approval","Adapt to approved extension contracts; retain existing behavior and enforce engine strategy.","Independent diff, regression and permission review.","Existing VS1 behavior retained; additive integration or independent approved rework"
"16","8e0123be170a53cf9d25df54d0e3829e9947c9cd","preview.html","REWORK","VS2.1 after approval","Adapt to approved extension contracts; retain existing behavior and enforce engine strategy.","Independent diff, regression and permission review.","Implemented through approved extension model where applicable; candidate patch not imported"
"16","8e0123be170a53cf9d25df54d0e3829e9947c9cd","service-worker.js","REWORK","VS2.1 after approval","Adapt to approved extension contracts; retain existing behavior and enforce engine strategy.","Independent diff, regression and permission review.","Existing VS1 behavior retained; additive integration or independent approved rework"
"16","8e0123be170a53cf9d25df54d0e3829e9947c9cd","smart-costing.css","REUSE","VS2.1 after approval","Useful existing-app cost view styles; validate with adapted UI, accessibility and mobile layout.","Real browser checks on final existing workspace.","Existing VS1 behavior retained; additive integration or independent approved rework"
"16","8e0123be170a53cf9d25df54d0e3829e9947c9cd","smart-costing.js","REWORK","VS2.1 after approval","Reuse input-only server editor idea; add CRUISE_PAX, explicit counts, shared itinerary editing, supplier-approved coverage UI, stable row IDs and DTO gates.","No browser financial authority; denied-cost guest edit and true browser acceptance.","Existing VS1 behavior retained; additive integration or independent approved rework"
"16","8e0123be170a53cf9d25df54d0e3829e9947c9cd","tests/package-lock.json","CHERRY-PICK","VS2.1 after approval","Selective file only: lockfile pins the same jsdom26.1.0 dependency; no wholesale implementation-commit cherry-pick.","Confirm final tests/package.json dependency parity and lockfile install; no scripts for absent files.","Copied exactly from approved PR16 file; no branch merge"
"16","8e0123be170a53cf9d25df54d0e3829e9947c9cd","tests/package.json","REWORK","VS2.1 after approval","Do not import candidate schema fixtures or scripts unchanged; preserve old assertions, add compatible new coverage and final manifest.","Existing VS1 suites pass without weakening assertions.","Existing VS1 behavior retained; additive integration or independent approved rework"
"16","8e0123be170a53cf9d25df54d0e3829e9947c9cd","tests/pwa.cjs","REWORK","VS2.1 after approval","Do not import candidate schema fixtures or scripts unchanged; preserve old assertions, add compatible new coverage and final manifest.","Existing VS1 suites pass without weakening assertions.","Existing VS1 behavior retained; additive integration or independent approved rework"
"16","8e0123be170a53cf9d25df54d0e3829e9947c9cd","tests/rc1-options.php","REWORK","VS2.1 after approval","Do not import candidate schema fixtures or scripts unchanged; preserve old assertions, add compatible new coverage and final manifest.","Existing VS1 suites pass without weakening assertions.","Existing VS1 behavior retained; additive integration or independent approved rework"
"16","8e0123be170a53cf9d25df54d0e3829e9947c9cd","tests/vs0-commercial.php","REWORK","VS2.1 after approval","Do not import candidate schema fixtures or scripts unchanged; preserve old assertions, add compatible new coverage and final manifest.","Existing VS1 suites pass without weakening assertions.","Implemented through approved extension model where applicable; candidate patch not imported"
"16","8e0123be170a53cf9d25df54d0e3829e9947c9cd","tests/vs1-handover.php","REWORK","VS2.1 after approval","Do not import candidate schema fixtures or scripts unchanged; preserve old assertions, add compatible new coverage and final manifest.","Existing VS1 suites pass without weakening assertions.","Existing VS1 behavior retained; additive integration or independent approved rework"
"16","8e0123be170a53cf9d25df54d0e3829e9947c9cd","tests/vs2-browser.cjs","REWORK","VS2.1 after approval","Reuse fixture/assertion scenarios; adapt persistence and add missing source-only, inclusion authority, margin, route-overlap and child-selection cases.","Fresh isolated PHP/MariaDB/HTTP/browser run; exact expected values and snapshots.","Implemented through approved extension model where applicable; candidate patch not imported"
"16","8e0123be170a53cf9d25df54d0e3829e9947c9cd","tests/vs2-costing-db.php","REWORK","VS2.1 after approval","Reuse fixture/assertion scenarios; adapt persistence and add missing source-only, inclusion authority, margin, route-overlap and child-selection cases.","Fresh isolated PHP/MariaDB/HTTP/browser run; exact expected values and snapshots.","Implemented through approved extension model where applicable; candidate patch not imported"
"16","8e0123be170a53cf9d25df54d0e3829e9947c9cd","tests/vs2-costing-ui.cjs","REWORK","VS2.1 after approval","Reuse fixture/assertion scenarios; adapt persistence and add missing source-only, inclusion authority, margin, route-overlap and child-selection cases.","Fresh isolated PHP/MariaDB/HTTP/browser run; exact expected values and snapshots.","Implemented through approved extension model where applicable; candidate patch not imported"
"16","8e0123be170a53cf9d25df54d0e3829e9947c9cd","tests/vs2-costing.php","REWORK","VS2.1 after approval","Reuse fixture/assertion scenarios; adapt persistence and add missing source-only, inclusion authority, margin, route-overlap and child-selection cases.","Fresh isolated PHP/MariaDB/HTTP/browser run; exact expected values and snapshots.","Implemented through approved extension model where applicable; candidate patch not imported"
"16","8e0123be170a53cf9d25df54d0e3829e9947c9cd","tests/vs2-migration-upgrade.php","REWORK","VS2.1 after approval","Reuse fixture/assertion scenarios; adapt persistence and add missing source-only, inclusion authority, margin, route-overlap and child-selection cases.","Fresh isolated PHP/MariaDB/HTTP/browser run; exact expected values and snapshots.","Implemented through approved extension model where applicable; candidate patch not imported"
"16","8e0123be170a53cf9d25df54d0e3829e9947c9cd","verification/RC6.2-VS2.1/REPORT_VI.md","REUSE","Reference only","Retain historical source/design/evidence as reference; not fresh verification or authority over canonical spec.","New evidence names final SHA/schema/runtime; never relabel old logs.","Existing baseline file reused without importing candidate changes"
"16","8e0123be170a53cf9d25df54d0e3829e9947c9cd","verification/RC6.2-VS2.1/arithmetic-test.txt","REUSE","Reference only","Retain historical source/design/evidence as reference; not fresh verification or authority over canonical spec.","New evidence names final SHA/schema/runtime; never relabel old logs.","Existing baseline file reused without importing candidate changes"
"16","8e0123be170a53cf9d25df54d0e3829e9947c9cd","verification/RC6.2-VS2.1/browser-results.json","REUSE","Reference only","Retain historical source/design/evidence as reference; not fresh verification or authority over canonical spec.","New evidence names final SHA/schema/runtime; never relabel old logs.","Existing baseline file reused without importing candidate changes"
"16","8e0123be170a53cf9d25df54d0e3829e9947c9cd","verification/RC6.2-VS2.1/browser-test.txt","REUSE","Reference only","Retain historical source/design/evidence as reference; not fresh verification or authority over canonical spec.","New evidence names final SHA/schema/runtime; never relabel old logs.","Existing baseline file reused without importing candidate changes"
"16","8e0123be170a53cf9d25df54d0e3829e9947c9cd","verification/RC6.2-VS2.1/db-results.json","REUSE","Reference only","Retain historical source/design/evidence as reference; not fresh verification or authority over canonical spec.","New evidence names final SHA/schema/runtime; never relabel old logs.","Existing baseline file reused without importing candidate changes"
"16","8e0123be170a53cf9d25df54d0e3829e9947c9cd","verification/RC6.2-VS2.1/js-tests.txt","REUSE","Reference only","Retain historical source/design/evidence as reference; not fresh verification or authority over canonical spec.","New evidence names final SHA/schema/runtime; never relabel old logs.","Existing baseline file reused without importing candidate changes"
"16","8e0123be170a53cf9d25df54d0e3829e9947c9cd","verification/RC6.2-VS2.1/migration-integrity.json","REUSE","Reference only","Retain historical source/design/evidence as reference; not fresh verification or authority over canonical spec.","New evidence names final SHA/schema/runtime; never relabel old logs.","Existing baseline file reused without importing candidate changes"
"16","8e0123be170a53cf9d25df54d0e3829e9947c9cd","verification/RC6.2-VS2.1/smart-costing-desktop.png","REUSE","Reference only","Retain historical source/design/evidence as reference; not fresh verification or authority over canonical spec.","New evidence names final SHA/schema/runtime; never relabel old logs.","Existing baseline file reused without importing candidate changes"
"16","8e0123be170a53cf9d25df54d0e3829e9947c9cd","verification/RC6.2-VS2.1/smart-costing-mobile.png","REUSE","Reference only","Retain historical source/design/evidence as reference; not fresh verification or authority over canonical spec.","New evidence names final SHA/schema/runtime; never relabel old logs.","Existing baseline file reused without importing candidate changes"
"16","8e0123be170a53cf9d25df54d0e3829e9947c9cd","verification/RC6.2-VS2.1/test-finance-flow.txt","REUSE","Reference only","Retain historical source/design/evidence as reference; not fresh verification or authority over canonical spec.","New evidence names final SHA/schema/runtime; never relabel old logs.","Existing baseline file reused without importing candidate changes"
"16","8e0123be170a53cf9d25df54d0e3829e9947c9cd","verification/RC6.2-VS2.1/test-legacy-costs.txt","REUSE","Reference only","Retain historical source/design/evidence as reference; not fresh verification or authority over canonical spec.","New evidence names final SHA/schema/runtime; never relabel old logs.","Existing baseline file reused without importing candidate changes"
"16","8e0123be170a53cf9d25df54d0e3829e9947c9cd","verification/RC6.2-VS2.1/test-operations.txt","REUSE","Reference only","Retain historical source/design/evidence as reference; not fresh verification or authority over canonical spec.","New evidence names final SHA/schema/runtime; never relabel old logs.","Existing baseline file reused without importing candidate changes"
"16","8e0123be170a53cf9d25df54d0e3829e9947c9cd","verification/RC6.2-VS2.1/test-quote-options.txt","REUSE","Reference only","Retain historical source/design/evidence as reference; not fresh verification or authority over canonical spec.","New evidence names final SHA/schema/runtime; never relabel old logs.","Existing baseline file reused without importing candidate changes"
"16","8e0123be170a53cf9d25df54d0e3829e9947c9cd","verification/RC6.2-VS2.1/test-rc1-options.txt","REUSE","Reference only","Retain historical source/design/evidence as reference; not fresh verification or authority over canonical spec.","New evidence names final SHA/schema/runtime; never relabel old logs.","Existing baseline file reused without importing candidate changes"
"16","8e0123be170a53cf9d25df54d0e3829e9947c9cd","verification/RC6.2-VS2.1/test-rc1.txt","REUSE","Reference only","Retain historical source/design/evidence as reference; not fresh verification or authority over canonical spec.","New evidence names final SHA/schema/runtime; never relabel old logs.","Existing baseline file reused without importing candidate changes"
"16","8e0123be170a53cf9d25df54d0e3829e9947c9cd","verification/RC6.2-VS2.1/test-runtime-guard.txt","REUSE","Reference only","Retain historical source/design/evidence as reference; not fresh verification or authority over canonical spec.","New evidence names final SHA/schema/runtime; never relabel old logs.","Existing baseline file reused without importing candidate changes"
"16","8e0123be170a53cf9d25df54d0e3829e9947c9cd","verification/RC6.2-VS2.1/test-vs0-commercial.txt","REUSE","Reference only","Retain historical source/design/evidence as reference; not fresh verification or authority over canonical spec.","New evidence names final SHA/schema/runtime; never relabel old logs.","Existing baseline file reused without importing candidate changes"
"16","8e0123be170a53cf9d25df54d0e3829e9947c9cd","verification/RC6.2-VS2.1/test-vs0-finance-operations.txt","REUSE","Reference only","Retain historical source/design/evidence as reference; not fresh verification or authority over canonical spec.","New evidence names final SHA/schema/runtime; never relabel old logs.","Existing baseline file reused without importing candidate changes"
"16","8e0123be170a53cf9d25df54d0e3829e9947c9cd","verification/RC6.2-VS2.1/test-vs1-handover.txt","REUSE","Reference only","Retain historical source/design/evidence as reference; not fresh verification or authority over canonical spec.","New evidence names final SHA/schema/runtime; never relabel old logs.","Existing baseline file reused without importing candidate changes"
"16","8e0123be170a53cf9d25df54d0e3829e9947c9cd","verification/RC6.2-VS2.1/test-vs2-costing-db.txt","REUSE","Reference only","Retain historical source/design/evidence as reference; not fresh verification or authority over canonical spec.","New evidence names final SHA/schema/runtime; never relabel old logs.","Existing baseline file reused without importing candidate changes"
"16","8e0123be170a53cf9d25df54d0e3829e9947c9cd","verification/RC6.2-VS2.1/test-vs2-migration-upgrade.txt","REUSE","Reference only","Retain historical source/design/evidence as reference; not fresh verification or authority over canonical spec.","New evidence names final SHA/schema/runtime; never relabel old logs.","Existing baseline file reused without importing candidate changes"
"16","8e0123be170a53cf9d25df54d0e3829e9947c9cd","verification/RC6.2-VS2.1/test-workspace-center.txt","REUSE","Reference only","Retain historical source/design/evidence as reference; not fresh verification or authority over canonical spec.","New evidence names final SHA/schema/runtime; never relabel old logs.","Existing baseline file reused without importing candidate changes"
"16","8e0123be170a53cf9d25df54d0e3829e9947c9cd","verification/RC6.2-VS2.1/ui-adapter-test.txt","REUSE","Reference only","Retain historical source/design/evidence as reference; not fresh verification or authority over canonical spec.","New evidence names final SHA/schema/runtime; never relabel old logs.","Existing baseline file reused without importing candidate changes"
"17","47981f16e92ced353781c076cf5c4ac80d0effde","api/bootstrap.php","DISCARD","Exclude VS2.2 hunks from VS2.1","Do not pull media/proposal runtime, config, export or test-script dependencies into costing-only increment; reconsider later as separate patches.","Separate VS2.2 approval and independent security/provider/output evidence.","Not imported; incompatible/out-of-scope candidate design omitted"
"17","47981f16e92ced353781c076cf5c4ac80d0effde","api/config.example.php","DISCARD","Exclude VS2.2 hunks from VS2.1","Do not pull media/proposal runtime, config, export or test-script dependencies into costing-only increment; reconsider later as separate patches.","Separate VS2.2 approval and independent security/provider/output evidence.","Not imported; incompatible/out-of-scope candidate design omitted"
"17","47981f16e92ced353781c076cf5c4ac80d0effde","api/index.php","DISCARD","Exclude VS2.2 hunks from VS2.1","Do not pull media/proposal runtime, config, export or test-script dependencies into costing-only increment; reconsider later as separate patches.","Separate VS2.2 approval and independent security/provider/output evidence.","Not imported; incompatible/out-of-scope candidate design omitted"
"17","47981f16e92ced353781c076cf5c4ac80d0effde","api/lib/CoreOS.php","REWORK","Later VS2.2 reference only","Later adapt presentation to schedule_json stable day_key and normalized variants; do not use sidecar business fields/content-signature matching as itinerary identity or couple QuoteOptions to proposal storage.","Separate VS2.2 approval and independent security/provider/output evidence.","Existing VS1 behavior retained; additive integration or independent approved rework"
"17","47981f16e92ced353781c076cf5c4ac80d0effde","api/lib/MediaDrive.php","REUSE","Later VS2.2 reference only","Media/proposal implementation is outside VS2.1; assess later against final shared requirements/variant/day-key contracts.","Separate VS2.2 approval and independent security/provider/output evidence.","Deferred; existing baseline retained"
"17","47981f16e92ced353781c076cf5c4ac80d0effde","api/lib/MediaLibrary.php","REUSE","Later VS2.2 reference only","Media/proposal implementation is outside VS2.1; assess later against final shared requirements/variant/day-key contracts.","Separate VS2.2 approval and independent security/provider/output evidence.","Deferred; existing baseline retained"
"17","47981f16e92ced353781c076cf5c4ac80d0effde","api/lib/ProposalOutput.php","REUSE","Later VS2.2 reference only","Media/proposal implementation is outside VS2.1; assess later against final shared requirements/variant/day-key contracts.","Separate VS2.2 approval and independent security/provider/output evidence.","Deferred; existing baseline retained"
"17","47981f16e92ced353781c076cf5c4ac80d0effde","api/lib/QuoteExport.php","REUSE","Later VS2.2 reference only","Media/proposal implementation is outside VS2.1; assess later against final shared requirements/variant/day-key contracts.","Separate VS2.2 approval and independent security/provider/output evidence.","Deferred; existing baseline retained"
"17","47981f16e92ced353781c076cf5c4ac80d0effde","api/lib/QuoteOptions.php","REWORK","Later VS2.2 reference only","Later adapt presentation to schedule_json stable day_key and normalized variants; do not use sidecar business fields/content-signature matching as itinerary identity or couple QuoteOptions to proposal storage.","Separate VS2.2 approval and independent security/provider/output evidence.","Existing VS1 behavior retained; additive integration or independent approved rework"
"17","47981f16e92ced353781c076cf5c4ac80d0effde","api/lib/QuoteProposal.php","REWORK","Later VS2.2 reference only","Later adapt presentation to schedule_json stable day_key and normalized variants; do not use sidecar business fields/content-signature matching as itinerary identity or couple QuoteOptions to proposal storage.","Separate VS2.2 approval and independent security/provider/output evidence.","Deferred; existing baseline retained"
"17","47981f16e92ced353781c076cf5c4ac80d0effde","api/lib/QuoteReuse.php","REWORK","Later VS2.2 reference only","Later adapt presentation to schedule_json stable day_key and normalized variants; do not use sidecar business fields/content-signature matching as itinerary identity or couple QuoteOptions to proposal storage.","Separate VS2.2 approval and independent security/provider/output evidence.","Existing VS1 behavior retained; additive integration or independent approved rework"
"17","47981f16e92ced353781c076cf5c4ac80d0effde","api/migrations/024_vs2_media_proposals.sql","DISCARD","Exclude from VS2.1","Do not import/apply migration024 or media tables in this increment; reserve historical candidate identity without changing applied files.","Separate VS2.2 approval and independent security/provider/output evidence.","Not imported; incompatible/out-of-scope candidate design omitted"
"17","47981f16e92ced353781c076cf5c4ac80d0effde","api/vendor/tfpdf/LICENSE","REUSE","Later VS2.2 reference only","Pinned vendor/license/font bundle belongs to later PDF output; no VS2.1 dependency. License/runtime/security review deferred.","Separate VS2.2 approval and independent security/provider/output evidence.","Deferred; existing baseline retained"
"17","47981f16e92ced353781c076cf5c4ac80d0effde","api/vendor/tfpdf/README.md","REUSE","Later VS2.2 reference only","Pinned vendor/license/font bundle belongs to later PDF output; no VS2.1 dependency. License/runtime/security review deferred.","Separate VS2.2 approval and independent security/provider/output evidence.","Deferred; existing baseline retained"
"17","47981f16e92ced353781c076cf5c4ac80d0effde","api/vendor/tfpdf/font/unifont/DejaVuSans.ttf","REUSE","Later VS2.2 reference only","Pinned vendor/license/font bundle belongs to later PDF output; no VS2.1 dependency. License/runtime/security review deferred.","Separate VS2.2 approval and independent security/provider/output evidence.","Deferred; existing baseline retained"
"17","47981f16e92ced353781c076cf5c4ac80d0effde","api/vendor/tfpdf/font/unifont/DejaVu_LICENSE.txt","REUSE","Later VS2.2 reference only","Pinned vendor/license/font bundle belongs to later PDF output; no VS2.1 dependency. License/runtime/security review deferred.","Separate VS2.2 approval and independent security/provider/output evidence.","Deferred; existing baseline retained"
"17","47981f16e92ced353781c076cf5c4ac80d0effde","api/vendor/tfpdf/font/unifont/ttfonts.php","REUSE","Later VS2.2 reference only","Pinned vendor/license/font bundle belongs to later PDF output; no VS2.1 dependency. License/runtime/security review deferred.","Separate VS2.2 approval and independent security/provider/output evidence.","Deferred; existing baseline retained"
"17","47981f16e92ced353781c076cf5c4ac80d0effde","api/vendor/tfpdf/tfpdf.php","REUSE","Later VS2.2 reference only","Pinned vendor/license/font bundle belongs to later PDF output; no VS2.1 dependency. License/runtime/security review deferred.","Separate VS2.2 approval and independent security/provider/output evidence.","Deferred; existing baseline retained"
"17","47981f16e92ced353781c076cf5c4ac80d0effde","app.js","DISCARD","Exclude VS2.2 hunks from VS2.1","Do not pull media/proposal runtime, config, export or test-script dependencies into costing-only increment; reconsider later as separate patches.","Separate VS2.2 approval and independent security/provider/output evidence.","Not imported; incompatible/out-of-scope candidate design omitted"
"17","47981f16e92ced353781c076cf5c4ac80d0effde","docs/RC6_VS2_2_DESIGN_VI.md","REUSE","Later VS2.2 reference only","Media/proposal implementation is outside VS2.1; assess later against final shared requirements/variant/day-key contracts.","Separate VS2.2 approval and independent security/provider/output evidence.","Deferred; existing baseline retained"
"17","47981f16e92ced353781c076cf5c4ac80d0effde","docs/RC6_VS2_2_RELEASE_VI.md","REUSE","Later VS2.2 reference only","Media/proposal implementation is outside VS2.1; assess later against final shared requirements/variant/day-key contracts.","Separate VS2.2 approval and independent security/provider/output evidence.","Deferred; existing baseline retained"
"17","47981f16e92ced353781c076cf5c4ac80d0effde","docs/RC6_VS2_GAP_MATRIX_VI.md","REUSE","Later VS2.2 reference only","Media/proposal implementation is outside VS2.1; assess later against final shared requirements/variant/day-key contracts.","Separate VS2.2 approval and independent security/provider/output evidence.","Deferred; existing baseline retained"
"17","47981f16e92ced353781c076cf5c4ac80d0effde","index.html","DISCARD","Exclude VS2.2 hunks from VS2.1","Do not pull media/proposal runtime, config, export or test-script dependencies into costing-only increment; reconsider later as separate patches.","Separate VS2.2 approval and independent security/provider/output evidence.","Not imported; incompatible/out-of-scope candidate design omitted"
"17","47981f16e92ced353781c076cf5c4ac80d0effde","preview.html","DISCARD","Exclude VS2.2 hunks from VS2.1","Do not pull media/proposal runtime, config, export or test-script dependencies into costing-only increment; reconsider later as separate patches.","Separate VS2.2 approval and independent security/provider/output evidence.","Not imported; incompatible/out-of-scope candidate design omitted"
"17","47981f16e92ced353781c076cf5c4ac80d0effde","service-worker.js","DISCARD","Exclude VS2.2 hunks from VS2.1","Do not pull media/proposal runtime, config, export or test-script dependencies into costing-only increment; reconsider later as separate patches.","Separate VS2.2 approval and independent security/provider/output evidence.","Not imported; incompatible/out-of-scope candidate design omitted"
"17","47981f16e92ced353781c076cf5c4ac80d0effde","tests/fixtures/vs2-media.jpg","REUSE","Later VS2.2 reference only","Media/proposal implementation is outside VS2.1; assess later against final shared requirements/variant/day-key contracts.","Separate VS2.2 approval and independent security/provider/output evidence.","Deferred; existing baseline retained"
"17","47981f16e92ced353781c076cf5c4ac80d0effde","tests/package.json","DISCARD","Exclude VS2.2 hunks from VS2.1","Do not pull media/proposal runtime, config, export or test-script dependencies into costing-only increment; reconsider later as separate patches.","Separate VS2.2 approval and independent security/provider/output evidence.","Not imported; incompatible/out-of-scope candidate design omitted"
"17","47981f16e92ced353781c076cf5c4ac80d0effde","tests/vs0-commercial.php","DISCARD","Exclude VS2.2 hunks from VS2.1","Do not pull media/proposal runtime, config, export or test-script dependencies into costing-only increment; reconsider later as separate patches.","Separate VS2.2 approval and independent security/provider/output evidence.","Not imported; incompatible/out-of-scope candidate design omitted"
"17","47981f16e92ced353781c076cf5c4ac80d0effde","tests/vs2-media-db.php","REUSE","Later VS2.2 reference only","Media/proposal implementation is outside VS2.1; assess later against final shared requirements/variant/day-key contracts.","Separate VS2.2 approval and independent security/provider/output evidence.","Deferred; existing baseline retained"
"17","47981f16e92ced353781c076cf5c4ac80d0effde","tests/vs2-media-upgrade.php","REUSE","Later VS2.2 reference only","Media/proposal implementation is outside VS2.1; assess later against final shared requirements/variant/day-key contracts.","Separate VS2.2 approval and independent security/provider/output evidence.","Deferred; existing baseline retained"
"17","47981f16e92ced353781c076cf5c4ac80d0effde","tests/vs2-migration-upgrade.php","DISCARD","Exclude VS2.2 hunks from VS2.1","Do not pull media/proposal runtime, config, export or test-script dependencies into costing-only increment; reconsider later as separate patches.","Separate VS2.2 approval and independent security/provider/output evidence.","Not imported; incompatible/out-of-scope candidate design omitted"
"17","47981f16e92ced353781c076cf5c4ac80d0effde","tests/vs2-proposal-browser.cjs","REUSE","Later VS2.2 reference only","Media/proposal implementation is outside VS2.1; assess later against final shared requirements/variant/day-key contracts.","Separate VS2.2 approval and independent security/provider/output evidence.","Deferred; existing baseline retained"
"17","47981f16e92ced353781c076cf5c4ac80d0effde","tests/vs2-proposal-ui.cjs","REUSE","Later VS2.2 reference only","Media/proposal implementation is outside VS2.1; assess later against final shared requirements/variant/day-key contracts.","Separate VS2.2 approval and independent security/provider/output evidence.","Deferred; existing baseline retained"
"17","47981f16e92ced353781c076cf5c4ac80d0effde","verification/RC6.2-VS2.2/REPORT_VI.md","REUSE","Later VS2.2 reference only","Historical artifacts and claimed provider/browser evidence only; no new certification and no need to copy binary evidence into VS2.1.","Separate VS2.2 approval and independent security/provider/output evidence.","Deferred; existing baseline retained"
"17","47981f16e92ced353781c076cf5c4ac80d0effde","verification/RC6.2-VS2.2/browser-results.json","REUSE","Later VS2.2 reference only","Historical artifacts and claimed provider/browser evidence only; no new certification and no need to copy binary evidence into VS2.1.","Separate VS2.2 approval and independent security/provider/output evidence.","Deferred; existing baseline retained"
"17","47981f16e92ced353781c076cf5c4ac80d0effde","verification/RC6.2-VS2.2/browser-test.txt","REUSE","Later VS2.2 reference only","Historical artifacts and claimed provider/browser evidence only; no new certification and no need to copy binary evidence into VS2.1.","Separate VS2.2 approval and independent security/provider/output evidence.","Deferred; existing baseline retained"
"17","47981f16e92ced353781c076cf5c4ac80d0effde","verification/RC6.2-VS2.2/db-results.json","REUSE","Later VS2.2 reference only","Historical artifacts and claimed provider/browser evidence only; no new certification and no need to copy binary evidence into VS2.1.","Separate VS2.2 approval and independent security/provider/output evidence.","Deferred; existing baseline retained"
"17","47981f16e92ced353781c076cf5c4ac80d0effde","verification/RC6.2-VS2.2/js-tests.txt","REUSE","Later VS2.2 reference only","Historical artifacts and claimed provider/browser evidence only; no new certification and no need to copy binary evidence into VS2.1.","Separate VS2.2 approval and independent security/provider/output evidence.","Deferred; existing baseline retained"
"17","47981f16e92ced353781c076cf5c4ac80d0effde","verification/RC6.2-VS2.2/migration-integrity.json","REUSE","Later VS2.2 reference only","Historical artifacts and claimed provider/browser evidence only; no new certification and no need to copy binary evidence into VS2.1.","Separate VS2.2 approval and independent security/provider/output evidence.","Deferred; existing baseline retained"
"17","47981f16e92ced353781c076cf5c4ac80d0effde","verification/RC6.2-VS2.2/output-validation.txt","REUSE","Later VS2.2 reference only","Historical artifacts and claimed provider/browser evidence only; no new certification and no need to copy binary evidence into VS2.1.","Separate VS2.2 approval and independent security/provider/output evidence.","Deferred; existing baseline retained"
"17","47981f16e92ced353781c076cf5c4ac80d0effde","verification/RC6.2-VS2.2/pdf-extracted.txt","REUSE","Later VS2.2 reference only","Historical artifacts and claimed provider/browser evidence only; no new certification and no need to copy binary evidence into VS2.1.","Separate VS2.2 approval and independent security/provider/output evidence.","Deferred; existing baseline retained"
"17","47981f16e92ced353781c076cf5c4ac80d0effde","verification/RC6.2-VS2.2/pdf-page1.png","REUSE","Later VS2.2 reference only","Historical artifacts and claimed provider/browser evidence only; no new certification and no need to copy binary evidence into VS2.1.","Separate VS2.2 approval and independent security/provider/output evidence.","Deferred; existing baseline retained"
"17","47981f16e92ced353781c076cf5c4ac80d0effde","verification/RC6.2-VS2.2/php-lint.txt","REUSE","Later VS2.2 reference only","Historical artifacts and claimed provider/browser evidence only; no new certification and no need to copy binary evidence into VS2.1.","Separate VS2.2 approval and independent security/provider/output evidence.","Deferred; existing baseline retained"
"17","47981f16e92ced353781c076cf5c4ac80d0effde","verification/RC6.2-VS2.2/proposal-standard-b2b.png","REUSE","Later VS2.2 reference only","Historical artifacts and claimed provider/browser evidence only; no new certification and no need to copy binary evidence into VS2.1.","Separate VS2.2 approval and independent security/provider/output evidence.","Deferred; existing baseline retained"
"17","47981f16e92ced353781c076cf5c4ac80d0effde","verification/RC6.2-VS2.2/proposal-test.docx","REUSE","Later VS2.2 reference only","Historical artifacts and claimed provider/browser evidence only; no new certification and no need to copy binary evidence into VS2.1.","Separate VS2.2 approval and independent security/provider/output evidence.","Deferred; existing baseline retained"
"17","47981f16e92ced353781c076cf5c4ac80d0effde","verification/RC6.2-VS2.2/proposal-test.pdf","REUSE","Later VS2.2 reference only","Historical artifacts and claimed provider/browser evidence only; no new certification and no need to copy binary evidence into VS2.1.","Separate VS2.2 approval and independent security/provider/output evidence.","Deferred; existing baseline retained"
"17","47981f16e92ced353781c076cf5c4ac80d0effde","verification/RC6.2-VS2.2/target-results.json","REUSE","Later VS2.2 reference only","Historical artifacts and claimed provider/browser evidence only; no new certification and no need to copy binary evidence into VS2.1.","Separate VS2.2 approval and independent security/provider/output evidence.","Deferred; existing baseline retained"
"17","47981f16e92ced353781c076cf5c4ac80d0effde","verification/RC6.2-VS2.2/test-finance-flow.txt","REUSE","Later VS2.2 reference only","Historical artifacts and claimed provider/browser evidence only; no new certification and no need to copy binary evidence into VS2.1.","Separate VS2.2 approval and independent security/provider/output evidence.","Deferred; existing baseline retained"
"17","47981f16e92ced353781c076cf5c4ac80d0effde","verification/RC6.2-VS2.2/test-legacy-costs.txt","REUSE","Later VS2.2 reference only","Historical artifacts and claimed provider/browser evidence only; no new certification and no need to copy binary evidence into VS2.1.","Separate VS2.2 approval and independent security/provider/output evidence.","Deferred; existing baseline retained"
"17","47981f16e92ced353781c076cf5c4ac80d0effde","verification/RC6.2-VS2.2/test-operations.txt","REUSE","Later VS2.2 reference only","Historical artifacts and claimed provider/browser evidence only; no new certification and no need to copy binary evidence into VS2.1.","Separate VS2.2 approval and independent security/provider/output evidence.","Deferred; existing baseline retained"
"17","47981f16e92ced353781c076cf5c4ac80d0effde","verification/RC6.2-VS2.2/test-quote-options.txt","REUSE","Later VS2.2 reference only","Historical artifacts and claimed provider/browser evidence only; no new certification and no need to copy binary evidence into VS2.1.","Separate VS2.2 approval and independent security/provider/output evidence.","Deferred; existing baseline retained"
"17","47981f16e92ced353781c076cf5c4ac80d0effde","verification/RC6.2-VS2.2/test-rc1-options.txt","REUSE","Later VS2.2 reference only","Historical artifacts and claimed provider/browser evidence only; no new certification and no need to copy binary evidence into VS2.1.","Separate VS2.2 approval and independent security/provider/output evidence.","Deferred; existing baseline retained"
"17","47981f16e92ced353781c076cf5c4ac80d0effde","verification/RC6.2-VS2.2/test-rc1.txt","REUSE","Later VS2.2 reference only","Historical artifacts and claimed provider/browser evidence only; no new certification and no need to copy binary evidence into VS2.1.","Separate VS2.2 approval and independent security/provider/output evidence.","Deferred; existing baseline retained"
"17","47981f16e92ced353781c076cf5c4ac80d0effde","verification/RC6.2-VS2.2/test-runtime-guard.txt","REUSE","Later VS2.2 reference only","Historical artifacts and claimed provider/browser evidence only; no new certification and no need to copy binary evidence into VS2.1.","Separate VS2.2 approval and independent security/provider/output evidence.","Deferred; existing baseline retained"
"17","47981f16e92ced353781c076cf5c4ac80d0effde","verification/RC6.2-VS2.2/test-vs0-commercial.txt","REUSE","Later VS2.2 reference only","Historical artifacts and claimed provider/browser evidence only; no new certification and no need to copy binary evidence into VS2.1.","Separate VS2.2 approval and independent security/provider/output evidence.","Deferred; existing baseline retained"
"17","47981f16e92ced353781c076cf5c4ac80d0effde","verification/RC6.2-VS2.2/test-vs0-finance-operations.txt","REUSE","Later VS2.2 reference only","Historical artifacts and claimed provider/browser evidence only; no new certification and no need to copy binary evidence into VS2.1.","Separate VS2.2 approval and independent security/provider/output evidence.","Deferred; existing baseline retained"
"17","47981f16e92ced353781c076cf5c4ac80d0effde","verification/RC6.2-VS2.2/test-vs1-handover.txt","REUSE","Later VS2.2 reference only","Historical artifacts and claimed provider/browser evidence only; no new certification and no need to copy binary evidence into VS2.1.","Separate VS2.2 approval and independent security/provider/output evidence.","Deferred; existing baseline retained"
"17","47981f16e92ced353781c076cf5c4ac80d0effde","verification/RC6.2-VS2.2/test-vs2-costing-db.txt","REUSE","Later VS2.2 reference only","Historical artifacts and claimed provider/browser evidence only; no new certification and no need to copy binary evidence into VS2.1.","Separate VS2.2 approval and independent security/provider/output evidence.","Deferred; existing baseline retained"
"17","47981f16e92ced353781c076cf5c4ac80d0effde","verification/RC6.2-VS2.2/test-vs2-media-db.txt","REUSE","Later VS2.2 reference only","Historical artifacts and claimed provider/browser evidence only; no new certification and no need to copy binary evidence into VS2.1.","Separate VS2.2 approval and independent security/provider/output evidence.","Deferred; existing baseline retained"
"17","47981f16e92ced353781c076cf5c4ac80d0effde","verification/RC6.2-VS2.2/test-vs2-media-upgrade.txt","REUSE","Later VS2.2 reference only","Historical artifacts and claimed provider/browser evidence only; no new certification and no need to copy binary evidence into VS2.1.","Separate VS2.2 approval and independent security/provider/output evidence.","Deferred; existing baseline retained"
"17","47981f16e92ced353781c076cf5c4ac80d0effde","verification/RC6.2-VS2.2/test-vs2-migration-upgrade.txt","REUSE","Later VS2.2 reference only","Historical artifacts and claimed provider/browser evidence only; no new certification and no need to copy binary evidence into VS2.1.","Separate VS2.2 approval and independent security/provider/output evidence.","Deferred; existing baseline retained"
"17","47981f16e92ced353781c076cf5c4ac80d0effde","verification/RC6.2-VS2.2/test-workspace-center.txt","REUSE","Later VS2.2 reference only","Historical artifacts and claimed provider/browser evidence only; no new certification and no need to copy binary evidence into VS2.1.","Separate VS2.2 approval and independent security/provider/output evidence.","Deferred; existing baseline retained"
"17","47981f16e92ced353781c076cf5c4ac80d0effde","verification/RC6.2-VS2.2/ui-adapter-test.txt","REUSE","Later VS2.2 reference only","Historical artifacts and claimed provider/browser evidence only; no new certification and no need to copy binary evidence into VS2.1.","Separate VS2.2 approval and independent security/provider/output evidence.","Deferred; existing baseline retained"
"17","47981f16e92ced353781c076cf5c4ac80d0effde","verification/RC6.2-VS2.2/visual-editor-desktop.png","REUSE","Later VS2.2 reference only","Historical artifacts and claimed provider/browser evidence only; no new certification and no need to copy binary evidence into VS2.1.","Separate VS2.2 approval and independent security/provider/output evidence.","Deferred; existing baseline retained"
"17","47981f16e92ced353781c076cf5c4ac80d0effde","verification/RC6.2-VS2.2/visual-editor-mobile.png","REUSE","Later VS2.2 reference only","Historical artifacts and claimed provider/browser evidence only; no new certification and no need to copy binary evidence into VS2.1.","Separate VS2.2 approval and independent security/provider/output evidence.","Deferred; existing baseline retained"
"17","47981f16e92ced353781c076cf5c4ac80d0effde","visual-proposal.css","REWORK","Later VS2.2 reference only","Later adapt presentation to schedule_json stable day_key and normalized variants; do not use sidecar business fields/content-signature matching as itinerary identity or couple QuoteOptions to proposal storage.","Separate VS2.2 approval and independent security/provider/output evidence.","Deferred; existing baseline retained"
"17","47981f16e92ced353781c076cf5c4ac80d0effde","visual-proposal.js","REWORK","Later VS2.2 reference only","Later adapt presentation to schedule_json stable day_key and normalized variants; do not use sidecar business fields/content-signature matching as itinerary identity or couple QuoteOptions to proposal storage.","Separate VS2.2 approval and independent security/provider/output evidence.","Deferred; existing baseline retained"
